#
# There is insufficient memory for the Java Runtime Environment to continue.
# Native memory allocation (malloc) failed to allocate 1239232 bytes. Error detail: Chunk::new
# Possible reasons:
#   The system is out of physical RAM or swap space
#   This process is running with CompressedOops enabled, and the Java Heap may be blocking the growth of the native heap
# Possible solutions:
#   Reduce memory load on the system
#   Increase physical memory or swap space
#   Check if swap backing store is full
#   Decrease Java heap size (-Xmx/-Xms)
#   Decrease number of Java threads
#   Decrease Java thread stack sizes (-Xss)
#   Set larger code cache with -XX:ReservedCodeCacheSize=
#   JVM is running with Unscaled Compressed Oops mode in which the Java heap is
#     placed in the first 4GB address space. The Java Heap base address is the
#     maximum limit for the native heap growth. Please use -XX:HeapBaseMinAddress
#     to set the Java Heap base and to place the Java Heap above 4GB virtual address.
# This output file may be truncated or incomplete.
#
#  Out of Memory Error (arena.cpp:168), pid=40212, tid=4816
#
# JRE version: OpenJDK Runtime Environment Temurin-21.0.5+11 (21.0.5+11) (build 21.0.5+11-LTS)
# Java VM: OpenJDK 64-Bit Server VM Temurin-21.0.5+11 (21.0.5+11-LTS, mixed mode, sharing, tiered, compressed oops, compressed class ptrs, g1 gc, windows-amd64)
# No core dump will be written. Minidumps are not enabled by default on client versions of Windows
#

---------------  S U M M A R Y ------------

Command Line: --add-opens=java.base/java.util=ALL-UNNAMED --add-opens=java.base/java.lang=ALL-UNNAMED --add-opens=java.base/java.lang.invoke=ALL-UNNAMED --add-opens=java.prefs/java.util.prefs=ALL-UNNAMED --add-exports=jdk.compiler/com.sun.tools.javac.api=ALL-UNNAMED --add-exports=jdk.compiler/com.sun.tools.javac.util=ALL-UNNAMED --add-opens=java.base/java.nio.charset=ALL-UNNAMED --add-opens=java.base/java.net=ALL-UNNAMED --add-opens=java.base/java.util.concurrent.atomic=ALL-UNNAMED -Xmx2048m -Dfile.encoding=UTF-8 -Duser.country=BR -Duser.language=pt -Duser.variant -javaagent:C:\Users\maria\.gradle\wrapper\dists\gradle-8.10.2-bin\a04bxjujx95o3nb99gddekhwo\gradle-8.10.2\lib\agents\gradle-instrumentation-agent-8.10.2.jar org.gradle.launcher.daemon.bootstrap.GradleDaemon 8.10.2

Host: 13th Gen Intel(R) Core(TM) i5-13450HX, 16 cores, 15G,  Windows 11 , 64 bit Build 26100 (10.0.26100.3775)
Time: Thu Apr 24 20:11:12 2025 Hora oficial do Brasil elapsed time: 1075.901333 seconds (0d 0h 17m 55s)

---------------  T H R E A D  ---------------

Current thread (0x000001e4fb5a88c0):  JavaThread "C2 CompilerThread3" daemon [_thread_in_native, id=4816, stack(0x0000003db3b00000,0x0000003db3c00000) (1024K)]


Current CompileTask:
C2:1075901 27047       4       org.jetbrains.kotlin.com.intellij.openapi.vfs.impl.jar.CoreJarHandler::<init> (236 bytes)

Stack: [0x0000003db3b00000,0x0000003db3c00000]
Native frames: (J=compiled Java code, j=interpreted, Vv=VM code, C=native code)
V  [jvm.dll+0x6cd4e9]
V  [jvm.dll+0x8a7941]
V  [jvm.dll+0x8a9e6e]
V  [jvm.dll+0x8aa543]
V  [jvm.dll+0x27f6d6]
V  [jvm.dll+0xc500d]
V  [jvm.dll+0xc5543]
V  [jvm.dll+0x3b660c]
V  [jvm.dll+0x382835]
V  [jvm.dll+0x381c9a]
V  [jvm.dll+0x2479d0]
V  [jvm.dll+0x246faf]
V  [jvm.dll+0x1c75ce]
V  [jvm.dll+0x25682a]
V  [jvm.dll+0x254dca]
V  [jvm.dll+0x3f00d6]
V  [jvm.dll+0x8514fb]
V  [jvm.dll+0x6cbbed]
C  [ucrtbase.dll+0x37b0]
C  [KERNEL32.DLL+0x2e8d7]
C  [ntdll.dll+0xb14fc]


---------------  P R O C E S S  ---------------

Threads class SMR info:
_java_thread_list=0x000001e4faa69070, length=92, elements={
0x000001e4c7376f20, 0x000001e4e6be25f0, 0x000001e4e6be3040, 0x000001e4e6be7bb0,
0x000001e4e6be8600, 0x000001e4e6bea060, 0x000001e4e6beaab0, 0x000001e4e6beb830,
0x000001e4e6bec2c0, 0x000001e4e6f2d660, 0x000001e4e707b0d0, 0x000001e4ed29b1b0,
0x000001e4ed348c60, 0x000001e4ed39d7f0, 0x000001e4ed5e5270, 0x000001e4ed5e5900,
0x000001e4ed5e5f90, 0x000001e4ed5e4550, 0x000001e4ef7e5c90, 0x000001e4ef7e4f70,
0x000001e4f2a13590, 0x000001e4f2289c50, 0x000001e4f2286e60, 0x000001e4f228b000,
0x000001e4f228ca40, 0x000001e4e73aaca0, 0x000001e4e73ac6e0, 0x000001e4e73a9260,
0x000001e4e73ae7b0, 0x000001e4e73ad400, 0x000001e4e73afb60, 0x000001e4e73af4d0,
0x000001e4e73b01f0, 0x000001e4e73aee40, 0x000001e4e73acd70, 0x000001e4e73b0880,
0x000001e4e73b0f10, 0x000001e4e73ada90, 0x000001e4e73b15a0, 0x000001e4e73ae120,
0x000001e4e73b4390, 0x000001e4ec8591e0, 0x000001e4ec858b50, 0x000001e4ec855d60,
0x000001e4ec856a80, 0x000001e4ec859870, 0x000001e4ec8563f0, 0x000001e4ec85a590,
0x000001e4ec857110, 0x000001e4ec859f00, 0x000001e4ec85ac20, 0x000001e4ec8577a0,
0x000001e4ec85ccf0, 0x000001e4f0288f90, 0x000001e4f028e150, 0x000001e4f3199470,
0x000001e4ec85e0a0, 0x000001e4fb5a7450, 0x000001e4fb5a66b0, 0x000001e4fb5a88c0,
0x000001e4fb5a6d80, 0x000001e4f2a16a10, 0x000001e4f2a18ae0, 0x000001e4f2a17730,
0x000001e4ef7e6320, 0x000001e4ef7e7d60, 0x000001e4ef7ea4c0, 0x000001e4ef7eb1e0,
0x000001e4ef7eb870, 0x000001e4ef7e97a0, 0x000001e4ef7e83f0, 0x000001e4ef7e8a80,
0x000001e4ef7ec590, 0x000001e4ef7e9e30, 0x000001e4f11105b0, 0x000001e4f110eb70,
0x000001e4fb5a8f90, 0x000001e4f1110c40, 0x000001e4f11112d0, 0x000001e4f110e4e0,
0x000001e4f1111ff0, 0x000001e4f110f200, 0x000001e4ed5e3830, 0x000001e4ed5e31a0,
0x000001e4ed5e4be0, 0x000001e4ed5e6620, 0x000001e4ed5e3ec0, 0x000001e4ec85c660,
0x000001e4fac70f60, 0x000001e4fac6f520, 0x000001e4fac6fbb0, 0x000001e4fac715f0
}

Java Threads: ( => current thread )
  0x000001e4c7376f20 JavaThread "main"                              [_thread_blocked, id=11140, stack(0x0000003daf100000,0x0000003daf200000) (1024K)]
  0x000001e4e6be25f0 JavaThread "Reference Handler"          daemon [_thread_blocked, id=18628, stack(0x0000003daf900000,0x0000003dafa00000) (1024K)]
  0x000001e4e6be3040 JavaThread "Finalizer"                  daemon [_thread_blocked, id=39608, stack(0x0000003dafa00000,0x0000003dafb00000) (1024K)]
  0x000001e4e6be7bb0 JavaThread "Signal Dispatcher"          daemon [_thread_blocked, id=468, stack(0x0000003dafb00000,0x0000003dafc00000) (1024K)]
  0x000001e4e6be8600 JavaThread "Attach Listener"            daemon [_thread_blocked, id=37896, stack(0x0000003dafc00000,0x0000003dafd00000) (1024K)]
  0x000001e4e6bea060 JavaThread "Service Thread"             daemon [_thread_blocked, id=8332, stack(0x0000003dafd00000,0x0000003dafe00000) (1024K)]
  0x000001e4e6beaab0 JavaThread "Monitor Deflation Thread"   daemon [_thread_blocked, id=34344, stack(0x0000003dafe00000,0x0000003daff00000) (1024K)]
  0x000001e4e6beb830 JavaThread "C2 CompilerThread0"         daemon [_thread_in_native, id=16556, stack(0x0000003daff00000,0x0000003db0000000) (1024K)]
  0x000001e4e6bec2c0 JavaThread "C1 CompilerThread0"         daemon [_thread_blocked, id=39268, stack(0x0000003db0000000,0x0000003db0100000) (1024K)]
  0x000001e4e6f2d660 JavaThread "Common-Cleaner"             daemon [_thread_blocked, id=30156, stack(0x0000003db0200000,0x0000003db0300000) (1024K)]
  0x000001e4e707b0d0 JavaThread "Notification Thread"        daemon [_thread_blocked, id=18856, stack(0x0000003db0500000,0x0000003db0600000) (1024K)]
  0x000001e4ed29b1b0 JavaThread "Daemon health stats"               [_thread_blocked, id=31356, stack(0x0000003db1000000,0x0000003db1100000) (1024K)]
  0x000001e4ed348c60 JavaThread "Incoming local TCP Connector on port 57704"        [_thread_in_native, id=17932, stack(0x0000003db1100000,0x0000003db1200000) (1024K)]
  0x000001e4ed39d7f0 JavaThread "Daemon periodic checks"            [_thread_blocked, id=8428, stack(0x0000003db1200000,0x0000003db1300000) (1024K)]
  0x000001e4ed5e5270 JavaThread "Cache worker for journal cache (C:\Users\maria\.gradle\caches\journal-1)"        [_thread_blocked, id=28392, stack(0x0000003db1a00000,0x0000003db1b00000) (1024K)]
  0x000001e4ed5e5900 JavaThread "File lock request listener"        [_thread_in_native, id=19180, stack(0x0000003db1b00000,0x0000003db1c00000) (1024K)]
  0x000001e4ed5e5f90 JavaThread "Cache worker for file hash cache (C:\Users\maria\.gradle\caches\8.10.2\fileHashes)"        [_thread_blocked, id=39144, stack(0x0000003db1c00000,0x0000003db1d00000) (1024K)]
  0x000001e4ed5e4550 JavaThread "File watcher server"        daemon [_thread_in_native, id=41204, stack(0x0000003db2700000,0x0000003db2800000) (1024K)]
  0x000001e4ef7e5c90 JavaThread "File watcher consumer"      daemon [_thread_blocked, id=23224, stack(0x0000003db2800000,0x0000003db2900000) (1024K)]
  0x000001e4ef7e4f70 JavaThread "Cache worker for file content cache (C:\Users\maria\.gradle\caches\8.10.2\fileContent)"        [_thread_blocked, id=32516, stack(0x0000003db2a00000,0x0000003db2b00000) (1024K)]
  0x000001e4f2a13590 JavaThread "Memory manager"                    [_thread_blocked, id=34776, stack(0x0000003db0700000,0x0000003db0800000) (1024K)]
  0x000001e4f2289c50 JavaThread "RMI Scheduler(0)"           daemon [_thread_blocked, id=10496, stack(0x0000003db0400000,0x0000003db0500000) (1024K)]
  0x000001e4f2286e60 JavaThread "RMI GC Daemon"              daemon [_thread_blocked, id=13416, stack(0x0000003dbe500000,0x0000003dbe600000) (1024K)]
  0x000001e4f228b000 JavaThread "RMI TCP Accept-0"           daemon [_thread_in_native, id=34368, stack(0x0000003dbe600000,0x0000003dbe700000) (1024K)]
  0x000001e4f228ca40 JavaThread "RMI Reaper"                        [_thread_blocked, id=29952, stack(0x0000003dbe700000,0x0000003dbe800000) (1024K)]
  0x000001e4e73aaca0 JavaThread "jar transforms"                    [_thread_blocked, id=34692, stack(0x0000003db1400000,0x0000003db1500000) (1024K)]
  0x000001e4e73ac6e0 JavaThread "jar transforms Thread 2"           [_thread_blocked, id=3480, stack(0x0000003db1500000,0x0000003db1600000) (1024K)]
  0x000001e4e73a9260 JavaThread "jar transforms Thread 3"           [_thread_blocked, id=41760, stack(0x0000003db1600000,0x0000003db1700000) (1024K)]
  0x000001e4e73ae7b0 JavaThread "jar transforms Thread 4"           [_thread_blocked, id=12164, stack(0x0000003db1700000,0x0000003db1800000) (1024K)]
  0x000001e4e73ad400 JavaThread "jar transforms Thread 5"           [_thread_blocked, id=2684, stack(0x0000003db1800000,0x0000003db1900000) (1024K)]
  0x000001e4e73afb60 JavaThread "jar transforms Thread 6"           [_thread_blocked, id=3576, stack(0x0000003db1900000,0x0000003db1a00000) (1024K)]
  0x000001e4e73af4d0 JavaThread "jar transforms Thread 7"           [_thread_blocked, id=13256, stack(0x0000003db2500000,0x0000003db2600000) (1024K)]
  0x000001e4e73b01f0 JavaThread "jar transforms Thread 8"           [_thread_blocked, id=10640, stack(0x0000003db2600000,0x0000003db2700000) (1024K)]
  0x000001e4e73aee40 JavaThread "jar transforms Thread 9"           [_thread_blocked, id=17340, stack(0x0000003db2900000,0x0000003db2a00000) (1024K)]
  0x000001e4e73acd70 JavaThread "jar transforms Thread 10"          [_thread_blocked, id=31888, stack(0x0000003db2b00000,0x0000003db2c00000) (1024K)]
  0x000001e4e73b0880 JavaThread "jar transforms Thread 11"          [_thread_blocked, id=26924, stack(0x0000003db2c00000,0x0000003db2d00000) (1024K)]
  0x000001e4e73b0f10 JavaThread "jar transforms Thread 12"          [_thread_blocked, id=9124, stack(0x0000003db2d00000,0x0000003db2e00000) (1024K)]
  0x000001e4e73ada90 JavaThread "jar transforms Thread 13"          [_thread_blocked, id=27224, stack(0x0000003db2e00000,0x0000003db2f00000) (1024K)]
  0x000001e4e73b15a0 JavaThread "jar transforms Thread 14"          [_thread_blocked, id=32780, stack(0x0000003db2f00000,0x0000003db3000000) (1024K)]
  0x000001e4e73ae120 JavaThread "jar transforms Thread 15"          [_thread_blocked, id=9860, stack(0x0000003db3000000,0x0000003db3100000) (1024K)]
  0x000001e4e73b4390 JavaThread "jar transforms Thread 16"          [_thread_blocked, id=41824, stack(0x0000003db3100000,0x0000003db3200000) (1024K)]
  0x000001e4ec8591e0 JavaThread "Daemon Thread 3"                   [_thread_blocked, id=25428, stack(0x0000003daee00000,0x0000003daef00000) (1024K)]
  0x000001e4ec858b50 JavaThread "Handler for socket connection from /127.0.0.1:57704 to /127.0.0.1:61022"        [_thread_in_native, id=12852, stack(0x0000003daef00000,0x0000003daf000000) (1024K)]
  0x000001e4ec855d60 JavaThread "Cancel handler"                    [_thread_blocked, id=34844, stack(0x0000003daf000000,0x0000003daf100000) (1024K)]
  0x000001e4ec856a80 JavaThread "Daemon worker Thread 3"            [_thread_in_Java, id=33320, stack(0x0000003db0100000,0x0000003db0200000) (1024K)]
  0x000001e4ec859870 JavaThread "Asynchronous log dispatcher for DefaultDaemonConnection: socket connection from /127.0.0.1:57704 to /127.0.0.1:61022"        [_thread_blocked, id=35496, stack(0x0000003db0300000,0x0000003db0400000) (1024K)]
  0x000001e4ec8563f0 JavaThread "Stdin handler"                     [_thread_blocked, id=35412, stack(0x0000003db0600000,0x0000003db0700000) (1024K)]
  0x000001e4ec85a590 JavaThread "Daemon client event forwarder"        [_thread_blocked, id=19556, stack(0x0000003db0800000,0x0000003db0900000) (1024K)]
  0x000001e4ec857110 JavaThread "Cache worker for file hash cache (C:\Users\maria\AndroidStudioProjects\FlashCardsApp-0.01\.gradle\8.10.2\fileHashes)"        [_thread_blocked, id=37304, stack(0x0000003db0e00000,0x0000003db0f00000) (1024K)]
  0x000001e4ec859f00 JavaThread "Cache worker for Build Output Cleanup Cache (C:\Users\maria\AndroidStudioProjects\FlashCardsApp-0.01\.gradle\buildOutputCleanup)"        [_thread_blocked, id=32412, stack(0x0000003db1300000,0x0000003db1400000) (1024K)]
  0x000001e4ec85ac20 JavaThread "Cache worker for checksums cache (C:\Users\maria\AndroidStudioProjects\FlashCardsApp-0.01\.gradle\8.10.2\checksums)"        [_thread_blocked, id=21388, stack(0x0000003db3200000,0x0000003db3300000) (1024K)]
  0x000001e4ec8577a0 JavaThread "Cache worker for cache directory md-rule (C:\Users\maria\.gradle\caches\8.10.2\md-rule)"        [_thread_blocked, id=31040, stack(0x0000003db3300000,0x0000003db3400000) (1024K)]
  0x000001e4ec85ccf0 JavaThread "Cache worker for cache directory md-supplier (C:\Users\maria\.gradle\caches\8.10.2\md-supplier)"        [_thread_blocked, id=37292, stack(0x0000003db3400000,0x0000003db3500000) (1024K)]
  0x000001e4f0288f90 JavaThread "C1 CompilerThread1"         daemon [_thread_blocked, id=32900, stack(0x0000003db3600000,0x0000003db3700000) (1024K)]
  0x000001e4f028e150 JavaThread "C1 CompilerThread2"         daemon [_thread_blocked, id=17672, stack(0x0000003db3700000,0x0000003db3800000) (1024K)]
  0x000001e4f3199470 JavaThread "C1 CompilerThread3"         daemon [_thread_in_native, id=38876, stack(0x0000003db3800000,0x0000003db3900000) (1024K)]
  0x000001e4ec85e0a0 JavaThread "Kotlin DSL Writer"                 [_thread_blocked, id=11564, stack(0x0000003db3500000,0x0000003db3600000) (1024K)]
  0x000001e4fb5a7450 JavaThread "C2 CompilerThread1"         daemon [_thread_in_native, id=27800, stack(0x0000003db3900000,0x0000003db3a00000) (1024K)]
  0x000001e4fb5a66b0 JavaThread "C2 CompilerThread2"         daemon [_thread_in_native, id=28916, stack(0x0000003db3a00000,0x0000003db3b00000) (1024K)]
=>0x000001e4fb5a88c0 JavaThread "C2 CompilerThread3"         daemon [_thread_in_native, id=4816, stack(0x0000003db3b00000,0x0000003db3c00000) (1024K)]
  0x000001e4fb5a6d80 JavaThread "C2 CompilerThread4"         daemon [_thread_in_native, id=41704, stack(0x0000003db3c00000,0x0000003db3d00000) (1024K)]
  0x000001e4f2a16a10 JavaThread "Unconstrained build operations"        [_thread_blocked, id=19488, stack(0x0000003db3d00000,0x0000003db3e00000) (1024K)]
  0x000001e4f2a18ae0 JavaThread "Unconstrained build operations Thread 2"        [_thread_blocked, id=11876, stack(0x0000003db3e00000,0x0000003db3f00000) (1024K)]
  0x000001e4f2a17730 JavaThread "Unconstrained build operations Thread 3"        [_thread_blocked, id=36692, stack(0x0000003db3f00000,0x0000003db4000000) (1024K)]
  0x000001e4ef7e6320 JavaThread "Unconstrained build operations Thread 4"        [_thread_blocked, id=13500, stack(0x0000003db4000000,0x0000003db4100000) (1024K)]
  0x000001e4ef7e7d60 JavaThread "Unconstrained build operations Thread 5"        [_thread_blocked, id=17500, stack(0x0000003db4100000,0x0000003db4200000) (1024K)]
  0x000001e4ef7ea4c0 JavaThread "Unconstrained build operations Thread 6"        [_thread_blocked, id=36572, stack(0x0000003db4200000,0x0000003db4300000) (1024K)]
  0x000001e4ef7eb1e0 JavaThread "Unconstrained build operations Thread 7"        [_thread_blocked, id=41420, stack(0x0000003db4300000,0x0000003db4400000) (1024K)]
  0x000001e4ef7eb870 JavaThread "Unconstrained build operations Thread 8"        [_thread_blocked, id=17888, stack(0x0000003db4400000,0x0000003db4500000) (1024K)]
  0x000001e4ef7e97a0 JavaThread "Unconstrained build operations Thread 9"        [_thread_blocked, id=41200, stack(0x0000003db4500000,0x0000003db4600000) (1024K)]
  0x000001e4ef7e83f0 JavaThread "Unconstrained build operations Thread 10"        [_thread_blocked, id=31264, stack(0x0000003db4600000,0x0000003db4700000) (1024K)]
  0x000001e4ef7e8a80 JavaThread "Unconstrained build operations Thread 11"        [_thread_blocked, id=3452, stack(0x0000003db4700000,0x0000003db4800000) (1024K)]
  0x000001e4ef7ec590 JavaThread "Unconstrained build operations Thread 12"        [_thread_blocked, id=33988, stack(0x0000003db4800000,0x0000003db4900000) (1024K)]
  0x000001e4ef7e9e30 JavaThread "Unconstrained build operations Thread 13"        [_thread_blocked, id=28748, stack(0x0000003db4900000,0x0000003db4a00000) (1024K)]
  0x000001e4f11105b0 JavaThread "Unconstrained build operations Thread 14"        [_thread_blocked, id=2724, stack(0x0000003db4a00000,0x0000003db4b00000) (1024K)]
  0x000001e4f110eb70 JavaThread "Unconstrained build operations Thread 15"        [_thread_blocked, id=25272, stack(0x0000003db4b00000,0x0000003db4c00000) (1024K)]
  0x000001e4fb5a8f90 JavaThread "C2 CompilerThread5"         daemon [_thread_in_native, id=25072, stack(0x0000003db4c00000,0x0000003db4d00000) (1024K)]
  0x000001e4f1110c40 JavaThread "Unconstrained build operations Thread 16"        [_thread_blocked, id=21076, stack(0x0000003db4d00000,0x0000003db4e00000) (1024K)]
  0x000001e4f11112d0 JavaThread "Unconstrained build operations Thread 17"        [_thread_blocked, id=10564, stack(0x0000003db4e00000,0x0000003db4f00000) (1024K)]
  0x000001e4f110e4e0 JavaThread "Unconstrained build operations Thread 18"        [_thread_blocked, id=37388, stack(0x0000003db4f00000,0x0000003db5000000) (1024K)]
  0x000001e4f1111ff0 JavaThread "Unconstrained build operations Thread 19"        [_thread_blocked, id=12708, stack(0x0000003db5000000,0x0000003db5100000) (1024K)]
  0x000001e4f110f200 JavaThread "Unconstrained build operations Thread 20"        [_thread_blocked, id=38156, stack(0x0000003db5100000,0x0000003db5200000) (1024K)]
  0x000001e4ed5e3830 JavaThread "Unconstrained build operations Thread 21"        [_thread_blocked, id=24948, stack(0x0000003db5200000,0x0000003db5300000) (1024K)]
  0x000001e4ed5e31a0 JavaThread "Unconstrained build operations Thread 22"        [_thread_blocked, id=29296, stack(0x0000003db5300000,0x0000003db5400000) (1024K)]
  0x000001e4ed5e4be0 JavaThread "Unconstrained build operations Thread 23"        [_thread_blocked, id=29672, stack(0x0000003db5400000,0x0000003db5500000) (1024K)]
  0x000001e4ed5e6620 JavaThread "Unconstrained build operations Thread 24"        [_thread_blocked, id=24836, stack(0x0000003db5500000,0x0000003db5600000) (1024K)]
  0x000001e4ed5e3ec0 JavaThread "Unconstrained build operations Thread 25"        [_thread_blocked, id=21320, stack(0x0000003db5600000,0x0000003db5700000) (1024K)]
  0x000001e4ec85c660 JavaThread "Unconstrained build operations Thread 26"        [_thread_blocked, id=13672, stack(0x0000003db5700000,0x0000003db5800000) (1024K)]
  0x000001e4fac70f60 JavaThread "Unconstrained build operations Thread 27"        [_thread_blocked, id=32376, stack(0x0000003db5800000,0x0000003db5900000) (1024K)]
  0x000001e4fac6f520 JavaThread "Unconstrained build operations Thread 28"        [_thread_blocked, id=9696, stack(0x0000003db5900000,0x0000003db5a00000) (1024K)]
  0x000001e4fac6fbb0 JavaThread "Unconstrained build operations Thread 29"        [_thread_blocked, id=10408, stack(0x0000003db5a00000,0x0000003db5b00000) (1024K)]
  0x000001e4fac715f0 JavaThread "Unconstrained build operations Thread 30"        [_thread_blocked, id=38596, stack(0x0000003db5b00000,0x0000003db5c00000) (1024K)]
Total: 92

Other Threads:
  0x000001e4e6bca4b0 VMThread "VM Thread"                           [id=26060, stack(0x0000003daf800000,0x0000003daf900000) (1024K)]
  0x000001e4e6bb7cc0 WatcherThread "VM Periodic Task Thread"        [id=31560, stack(0x0000003daf700000,0x0000003daf800000) (1024K)]
  0x000001e4c8de6430 WorkerThread "GC Thread#0"                     [id=1564, stack(0x0000003daf200000,0x0000003daf300000) (1024K)]
  0x000001e4e70a5770 WorkerThread "GC Thread#1"                     [id=15440, stack(0x0000003db0900000,0x0000003db0a00000) (1024K)]
  0x000001e4e77fdc40 WorkerThread "GC Thread#2"                     [id=32396, stack(0x0000003db0a00000,0x0000003db0b00000) (1024K)]
  0x000001e4e77d9a30 WorkerThread "GC Thread#3"                     [id=36728, stack(0x0000003db0b00000,0x0000003db0c00000) (1024K)]
  0x000001e4e72bd830 WorkerThread "GC Thread#4"                     [id=10528, stack(0x0000003db0c00000,0x0000003db0d00000) (1024K)]
  0x000001e4e776d2d0 WorkerThread "GC Thread#5"                     [id=31988, stack(0x0000003db0d00000,0x0000003db0e00000) (1024K)]
  0x000001e4ed35e990 WorkerThread "GC Thread#6"                     [id=30424, stack(0x0000003db0f00000,0x0000003db1000000) (1024K)]
  0x000001e4ed4f7bb0 WorkerThread "GC Thread#7"                     [id=18748, stack(0x0000003db1d00000,0x0000003db1e00000) (1024K)]
  0x000001e4ed4f82f0 WorkerThread "GC Thread#8"                     [id=36164, stack(0x0000003db1e00000,0x0000003db1f00000) (1024K)]
  0x000001e4ed4f8690 WorkerThread "GC Thread#9"                     [id=29436, stack(0x0000003db1f00000,0x0000003db2000000) (1024K)]
  0x000001e4ed4f8dd0 WorkerThread "GC Thread#10"                    [id=36456, stack(0x0000003db2000000,0x0000003db2100000) (1024K)]
  0x000001e4f191a470 WorkerThread "GC Thread#11"                    [id=11068, stack(0x0000003db2100000,0x0000003db2200000) (1024K)]
  0x000001e4f1917c90 WorkerThread "GC Thread#12"                    [id=9268, stack(0x0000003db2200000,0x0000003db2300000) (1024K)]
  0x000001e4c8df7320 ConcurrentGCThread "G1 Main Marker"            [id=18588, stack(0x0000003daf300000,0x0000003daf400000) (1024K)]
  0x000001e4c8df8040 WorkerThread "G1 Conc#0"                       [id=30880, stack(0x0000003daf400000,0x0000003daf500000) (1024K)]
  0x000001e4f1919990 WorkerThread "G1 Conc#1"                       [id=32668, stack(0x0000003db2300000,0x0000003db2400000) (1024K)]
  0x000001e4f1919d30 WorkerThread "G1 Conc#2"                       [id=34512, stack(0x0000003db2400000,0x0000003db2500000) (1024K)]
  0x000001e4e6afd760 ConcurrentGCThread "G1 Refine#0"               [id=36800, stack(0x0000003daf500000,0x0000003daf600000) (1024K)]
  0x000001e4e6afe080 ConcurrentGCThread "G1 Service"                [id=34164, stack(0x0000003daf600000,0x0000003daf700000) (1024K)]
Total: 21

Threads with active compile tasks:
C2 CompilerThread0  1075927 26864       4       org.gradle.api.internal.artifacts.ivyservice.resolveengine.graph.builder.DependencyGraphBuilder::resolveEdges (47 bytes)
C1 CompilerThread3  1075927 27299       3       org.jetbrains.kotlin.load.java.structure.impl.classFiles.ClassifierResolutionContext::mapInternalNameToClassId$resolution_common_jvm (102 bytes)
C2 CompilerThread1  1075927 26858       4       org.gradle.api.internal.artifacts.ivyservice.resolveengine.graph.builder.DependencyGraphBuilder::performSelectionSerially (119 bytes)
C2 CompilerThread2  1075927 26880   !   4       org.gradle.api.internal.artifacts.ivyservice.resolveengine.artifact.VariantResolvingArtifactSet::select (153 bytes)
C2 CompilerThread3  1075927 27047       4       org.jetbrains.kotlin.com.intellij.openapi.vfs.impl.jar.CoreJarHandler::<init> (236 bytes)
C2 CompilerThread4  1075927 27205       4       java.lang.reflect.Method::getGenericInfo (28 bytes)
C2 CompilerThread5  1075927 26881   !   4       org.gradle.api.internal.artifacts.transform.AttributeMatchingArtifactVariantSelector::select (38 bytes)
Total: 7

VM state: not at safepoint (normal execution)

VM Mutex/Monitor currently owned by a thread: None

Heap address: 0x0000000080000000, size: 2048 MB, Compressed Oops mode: 32-bit

CDS archive(s) mapped at: [0x000001e480000000-0x000001e480c80000-0x000001e480c80000), size 13107200, SharedBaseAddress: 0x000001e480000000, ArchiveRelocationMode: 1.
Compressed class space mapped at: 0x000001e481000000-0x000001e4c1000000, reserved size: 1073741824
Narrow klass base: 0x000001e480000000, Narrow klass shift: 0, Narrow klass range: 0x100000000

GC Precious Log:
 CardTable entry size: 512
 Card Set container configuration: InlinePtr #cards 5 size 8 Array Of Cards #cards 12 size 40 Howl #buckets 4 coarsen threshold 1843 Howl Bitmap #cards 512 size 80 coarsen threshold 460 Card regions per heap region 1 cards per card region 2048
 CPUs: 16 total, 16 available
 Memory: 16068M
 Large Page Support: Disabled
 NUMA Support: Disabled
 Compressed Oops: Enabled (32-bit)
 Heap Region Size: 1M
 Heap Min Capacity: 8M
 Heap Initial Capacity: 252M
 Heap Max Capacity: 2G
 Pre-touch: Disabled
 Parallel Workers: 13
 Concurrent Workers: 3
 Concurrent Refinement Workers: 13
 Periodic GC: Disabled

Heap:
 garbage-first heap   total 432128K, used 336969K [0x0000000080000000, 0x0000000100000000)
  region size 1024K, 85 young (87040K), 15 survivors (15360K)
 Metaspace       used 194458K, committed 197632K, reserved 1245184K
  class space    used 24968K, committed 26624K, reserved 1048576K

Heap Regions: E=young(eden), S=young(survivor), O=old, HS=humongous(starts), HC=humongous(continues), CS=collection set, F=free, TAMS=top-at-mark-start, PB=parsable bottom
|   0|0x0000000080000000, 0x0000000080100000, 0x0000000080100000|100%| O|  |TAMS 0x0000000080000000| PB 0x0000000080000000| Untracked 
|   1|0x0000000080100000, 0x0000000080200000, 0x0000000080200000|100%|HS|  |TAMS 0x0000000080100000| PB 0x0000000080100000| Complete 
|   2|0x0000000080200000, 0x0000000080300000, 0x0000000080300000|100%|HC|  |TAMS 0x0000000080200000| PB 0x0000000080200000| Complete 
|   3|0x0000000080300000, 0x0000000080400000, 0x0000000080400000|100%|HC|  |TAMS 0x0000000080300000| PB 0x0000000080300000| Complete 
|   4|0x0000000080400000, 0x0000000080500000, 0x0000000080500000|100%|HC|  |TAMS 0x0000000080400000| PB 0x0000000080400000| Complete 
|   5|0x0000000080500000, 0x0000000080600000, 0x0000000080600000|100%| O|  |TAMS 0x0000000080500000| PB 0x0000000080500000| Untracked 
|   6|0x0000000080600000, 0x0000000080700000, 0x0000000080700000|100%| O|  |TAMS 0x0000000080600000| PB 0x0000000080600000| Untracked 
|   7|0x0000000080700000, 0x0000000080800000, 0x0000000080800000|100%| O|  |TAMS 0x0000000080700000| PB 0x0000000080700000| Untracked 
|   8|0x0000000080800000, 0x0000000080900000, 0x0000000080900000|100%|HS|  |TAMS 0x0000000080800000| PB 0x0000000080800000| Complete 
|   9|0x0000000080900000, 0x0000000080a00000, 0x0000000080a00000|100%| O|  |TAMS 0x0000000080900000| PB 0x0000000080900000| Untracked 
|  10|0x0000000080a00000, 0x0000000080b00000, 0x0000000080b00000|100%| O|  |TAMS 0x0000000080a00000| PB 0x0000000080a00000| Untracked 
|  11|0x0000000080b00000, 0x0000000080c00000, 0x0000000080c00000|100%| O|  |TAMS 0x0000000080b00000| PB 0x0000000080b00000| Untracked 
|  12|0x0000000080c00000, 0x0000000080d00000, 0x0000000080d00000|100%| O|  |TAMS 0x0000000080c00000| PB 0x0000000080c00000| Untracked 
|  13|0x0000000080d00000, 0x0000000080e00000, 0x0000000080e00000|100%| O|  |TAMS 0x0000000080d00000| PB 0x0000000080d00000| Untracked 
|  14|0x0000000080e00000, 0x0000000080f00000, 0x0000000080f00000|100%| O|  |TAMS 0x0000000080e00000| PB 0x0000000080e00000| Untracked 
|  15|0x0000000080f00000, 0x0000000081000000, 0x0000000081000000|100%| O|  |TAMS 0x0000000080f00000| PB 0x0000000080f00000| Untracked 
|  16|0x0000000081000000, 0x0000000081100000, 0x0000000081100000|100%| O|  |TAMS 0x0000000081000000| PB 0x0000000081000000| Untracked 
|  17|0x0000000081100000, 0x0000000081200000, 0x0000000081200000|100%| O|  |TAMS 0x0000000081100000| PB 0x0000000081100000| Untracked 
|  18|0x0000000081200000, 0x0000000081300000, 0x0000000081300000|100%| O|  |TAMS 0x0000000081200000| PB 0x0000000081200000| Untracked 
|  19|0x0000000081300000, 0x0000000081400000, 0x0000000081400000|100%| O|  |TAMS 0x0000000081300000| PB 0x0000000081300000| Untracked 
|  20|0x0000000081400000, 0x0000000081500000, 0x0000000081500000|100%| O|  |TAMS 0x0000000081400000| PB 0x0000000081400000| Untracked 
|  21|0x0000000081500000, 0x0000000081600000, 0x0000000081600000|100%| O|  |TAMS 0x0000000081500000| PB 0x0000000081500000| Untracked 
|  22|0x0000000081600000, 0x0000000081700000, 0x0000000081700000|100%| O|  |TAMS 0x0000000081600000| PB 0x0000000081600000| Untracked 
|  23|0x0000000081700000, 0x0000000081800000, 0x0000000081800000|100%| O|  |TAMS 0x0000000081700000| PB 0x0000000081700000| Untracked 
|  24|0x0000000081800000, 0x0000000081900000, 0x0000000081900000|100%| O|  |TAMS 0x0000000081800000| PB 0x0000000081800000| Untracked 
|  25|0x0000000081900000, 0x0000000081a00000, 0x0000000081a00000|100%| O|  |TAMS 0x0000000081900000| PB 0x0000000081900000| Untracked 
|  26|0x0000000081a00000, 0x0000000081b00000, 0x0000000081b00000|100%| O|  |TAMS 0x0000000081a00000| PB 0x0000000081a00000| Untracked 
|  27|0x0000000081b00000, 0x0000000081c00000, 0x0000000081c00000|100%| O|  |TAMS 0x0000000081b00000| PB 0x0000000081b00000| Untracked 
|  28|0x0000000081c00000, 0x0000000081d00000, 0x0000000081d00000|100%| O|  |TAMS 0x0000000081c00000| PB 0x0000000081c00000| Untracked 
|  29|0x0000000081d00000, 0x0000000081e00000, 0x0000000081e00000|100%| O|  |TAMS 0x0000000081d00000| PB 0x0000000081d00000| Untracked 
|  30|0x0000000081e00000, 0x0000000081f00000, 0x0000000081f00000|100%| O|  |TAMS 0x0000000081e00000| PB 0x0000000081e00000| Untracked 
|  31|0x0000000081f00000, 0x0000000082000000, 0x0000000082000000|100%| O|  |TAMS 0x0000000081f00000| PB 0x0000000081f00000| Untracked 
|  32|0x0000000082000000, 0x0000000082100000, 0x0000000082100000|100%| O|  |TAMS 0x0000000082000000| PB 0x0000000082000000| Untracked 
|  33|0x0000000082100000, 0x0000000082200000, 0x0000000082200000|100%|HS|  |TAMS 0x0000000082100000| PB 0x0000000082100000| Complete 
|  34|0x0000000082200000, 0x0000000082300000, 0x0000000082300000|100%|HS|  |TAMS 0x0000000082200000| PB 0x0000000082200000| Complete 
|  35|0x0000000082300000, 0x0000000082400000, 0x0000000082400000|100%|HS|  |TAMS 0x0000000082300000| PB 0x0000000082300000| Complete 
|  36|0x0000000082400000, 0x0000000082500000, 0x0000000082500000|100%|HC|  |TAMS 0x0000000082400000| PB 0x0000000082400000| Complete 
|  37|0x0000000082500000, 0x0000000082600000, 0x0000000082600000|100%|HS|  |TAMS 0x0000000082500000| PB 0x0000000082500000| Complete 
|  38|0x0000000082600000, 0x0000000082700000, 0x0000000082700000|100%|HC|  |TAMS 0x0000000082600000| PB 0x0000000082600000| Complete 
|  39|0x0000000082700000, 0x0000000082800000, 0x0000000082800000|100%|HS|  |TAMS 0x0000000082700000| PB 0x0000000082700000| Complete 
|  40|0x0000000082800000, 0x0000000082900000, 0x0000000082900000|100%|HS|  |TAMS 0x0000000082800000| PB 0x0000000082800000| Complete 
|  41|0x0000000082900000, 0x0000000082a00000, 0x0000000082a00000|100%|HC|  |TAMS 0x0000000082900000| PB 0x0000000082900000| Complete 
|  42|0x0000000082a00000, 0x0000000082b00000, 0x0000000082b00000|100%|HC|  |TAMS 0x0000000082a00000| PB 0x0000000082a00000| Complete 
|  43|0x0000000082b00000, 0x0000000082c00000, 0x0000000082c00000|100%| O|  |TAMS 0x0000000082b00000| PB 0x0000000082b00000| Untracked 
|  44|0x0000000082c00000, 0x0000000082d00000, 0x0000000082d00000|100%| O|  |TAMS 0x0000000082c00000| PB 0x0000000082c00000| Untracked 
|  45|0x0000000082d00000, 0x0000000082e00000, 0x0000000082e00000|100%| O|  |TAMS 0x0000000082d00000| PB 0x0000000082d00000| Untracked 
|  46|0x0000000082e00000, 0x0000000082f00000, 0x0000000082f00000|100%| O|  |TAMS 0x0000000082e00000| PB 0x0000000082e00000| Untracked 
|  47|0x0000000082f00000, 0x0000000083000000, 0x0000000083000000|100%|HS|  |TAMS 0x0000000082f00000| PB 0x0000000082f00000| Complete 
|  48|0x0000000083000000, 0x0000000083100000, 0x0000000083100000|100%|HS|  |TAMS 0x0000000083000000| PB 0x0000000083000000| Complete 
|  49|0x0000000083100000, 0x0000000083200000, 0x0000000083200000|100%| O|  |TAMS 0x0000000083100000| PB 0x0000000083100000| Untracked 
|  50|0x0000000083200000, 0x0000000083300000, 0x0000000083300000|100%| O|  |TAMS 0x0000000083200000| PB 0x0000000083200000| Untracked 
|  51|0x0000000083300000, 0x0000000083400000, 0x0000000083400000|100%|HS|  |TAMS 0x0000000083300000| PB 0x0000000083300000| Complete 
|  52|0x0000000083400000, 0x0000000083500000, 0x0000000083500000|100%| O|  |TAMS 0x0000000083400000| PB 0x0000000083400000| Untracked 
|  53|0x0000000083500000, 0x0000000083600000, 0x0000000083600000|100%| O|  |TAMS 0x0000000083500000| PB 0x0000000083500000| Untracked 
|  54|0x0000000083600000, 0x0000000083700000, 0x0000000083700000|100%| O|  |TAMS 0x0000000083600000| PB 0x0000000083600000| Untracked 
|  55|0x0000000083700000, 0x0000000083800000, 0x0000000083800000|100%| O|  |TAMS 0x0000000083700000| PB 0x0000000083700000| Untracked 
|  56|0x0000000083800000, 0x0000000083900000, 0x0000000083900000|100%| O|  |TAMS 0x0000000083800000| PB 0x0000000083800000| Untracked 
|  57|0x0000000083900000, 0x0000000083a00000, 0x0000000083a00000|100%| O|  |TAMS 0x0000000083900000| PB 0x0000000083900000| Untracked 
|  58|0x0000000083a00000, 0x0000000083b00000, 0x0000000083b00000|100%| O|  |TAMS 0x0000000083a00000| PB 0x0000000083a00000| Untracked 
|  59|0x0000000083b00000, 0x0000000083c00000, 0x0000000083c00000|100%| O|  |TAMS 0x0000000083b00000| PB 0x0000000083b00000| Untracked 
|  60|0x0000000083c00000, 0x0000000083d00000, 0x0000000083d00000|100%| O|Cm|TAMS 0x0000000083c00000| PB 0x0000000083c00000| Complete 
|  61|0x0000000083d00000, 0x0000000083e00000, 0x0000000083e00000|100%| O|  |TAMS 0x0000000083d00000| PB 0x0000000083d00000| Untracked 
|  62|0x0000000083e00000, 0x0000000083f00000, 0x0000000083f00000|100%| O|  |TAMS 0x0000000083e00000| PB 0x0000000083e00000| Untracked 
|  63|0x0000000083f00000, 0x0000000084000000, 0x0000000084000000|100%|HS|  |TAMS 0x0000000083f00000| PB 0x0000000083f00000| Complete 
|  64|0x0000000084000000, 0x0000000084100000, 0x0000000084100000|100%| O|  |TAMS 0x0000000084000000| PB 0x0000000084000000| Untracked 
|  65|0x0000000084100000, 0x0000000084200000, 0x0000000084200000|100%| O|  |TAMS 0x0000000084100000| PB 0x0000000084100000| Untracked 
|  66|0x0000000084200000, 0x0000000084300000, 0x0000000084300000|100%| O|  |TAMS 0x0000000084200000| PB 0x0000000084200000| Untracked 
|  67|0x0000000084300000, 0x0000000084400000, 0x0000000084400000|100%| O|  |TAMS 0x0000000084300000| PB 0x0000000084300000| Untracked 
|  68|0x0000000084400000, 0x0000000084500000, 0x0000000084500000|100%| O|  |TAMS 0x0000000084400000| PB 0x0000000084400000| Untracked 
|  69|0x0000000084500000, 0x0000000084600000, 0x0000000084600000|100%|HS|  |TAMS 0x0000000084500000| PB 0x0000000084500000| Complete 
|  70|0x0000000084600000, 0x0000000084700000, 0x0000000084700000|100%|HC|  |TAMS 0x0000000084600000| PB 0x0000000084600000| Complete 
|  71|0x0000000084700000, 0x0000000084800000, 0x0000000084800000|100%|HC|  |TAMS 0x0000000084700000| PB 0x0000000084700000| Complete 
|  72|0x0000000084800000, 0x0000000084900000, 0x0000000084900000|100%| O|  |TAMS 0x0000000084800000| PB 0x0000000084800000| Untracked 
|  73|0x0000000084900000, 0x0000000084a00000, 0x0000000084a00000|100%| O|  |TAMS 0x0000000084900000| PB 0x0000000084900000| Untracked 
|  74|0x0000000084a00000, 0x0000000084b00000, 0x0000000084b00000|100%| O|  |TAMS 0x0000000084a00000| PB 0x0000000084a00000| Untracked 
|  75|0x0000000084b00000, 0x0000000084c00000, 0x0000000084c00000|100%| O|  |TAMS 0x0000000084b00000| PB 0x0000000084b00000| Untracked 
|  76|0x0000000084c00000, 0x0000000084d00000, 0x0000000084d00000|100%| O|  |TAMS 0x0000000084c00000| PB 0x0000000084c00000| Untracked 
|  77|0x0000000084d00000, 0x0000000084e00000, 0x0000000084e00000|100%| O|  |TAMS 0x0000000084d00000| PB 0x0000000084d00000| Untracked 
|  78|0x0000000084e00000, 0x0000000084f00000, 0x0000000084f00000|100%|HS|  |TAMS 0x0000000084e00000| PB 0x0000000084e00000| Complete 
|  79|0x0000000084f00000, 0x0000000085000000, 0x0000000085000000|100%|HC|  |TAMS 0x0000000084f00000| PB 0x0000000084f00000| Complete 
|  80|0x0000000085000000, 0x0000000085100000, 0x0000000085100000|100%|HS|  |TAMS 0x0000000085000000| PB 0x0000000085000000| Complete 
|  81|0x0000000085100000, 0x0000000085200000, 0x0000000085200000|100%| O|  |TAMS 0x0000000085100000| PB 0x0000000085100000| Untracked 
|  82|0x0000000085200000, 0x0000000085300000, 0x0000000085300000|100%| O|  |TAMS 0x0000000085200000| PB 0x0000000085200000| Untracked 
|  83|0x0000000085300000, 0x0000000085400000, 0x0000000085400000|100%| O|  |TAMS 0x0000000085300000| PB 0x0000000085300000| Untracked 
|  84|0x0000000085400000, 0x0000000085500000, 0x0000000085500000|100%| O|  |TAMS 0x0000000085400000| PB 0x0000000085400000| Untracked 
|  85|0x0000000085500000, 0x0000000085600000, 0x0000000085600000|100%| O|  |TAMS 0x0000000085500000| PB 0x0000000085500000| Untracked 
|  86|0x0000000085600000, 0x0000000085700000, 0x0000000085700000|100%| O|  |TAMS 0x0000000085600000| PB 0x0000000085600000| Untracked 
|  87|0x0000000085700000, 0x0000000085800000, 0x0000000085800000|100%| O|Cm|TAMS 0x0000000085700000| PB 0x0000000085700000| Complete 
|  88|0x0000000085800000, 0x0000000085900000, 0x0000000085900000|100%|HS|  |TAMS 0x0000000085800000| PB 0x0000000085800000| Complete 
|  89|0x0000000085900000, 0x0000000085a00000, 0x0000000085a00000|100%| O|  |TAMS 0x0000000085900000| PB 0x0000000085900000| Untracked 
|  90|0x0000000085a00000, 0x0000000085b00000, 0x0000000085b00000|100%| O|  |TAMS 0x0000000085a00000| PB 0x0000000085a00000| Untracked 
|  91|0x0000000085b00000, 0x0000000085c00000, 0x0000000085c00000|100%| O|  |TAMS 0x0000000085b00000| PB 0x0000000085b00000| Untracked 
|  92|0x0000000085c00000, 0x0000000085d00000, 0x0000000085d00000|100%| O|  |TAMS 0x0000000085c00000| PB 0x0000000085c00000| Untracked 
|  93|0x0000000085d00000, 0x0000000085e00000, 0x0000000085e00000|100%|HS|  |TAMS 0x0000000085d00000| PB 0x0000000085d00000| Complete 
|  94|0x0000000085e00000, 0x0000000085f00000, 0x0000000085f00000|100%|HC|  |TAMS 0x0000000085e00000| PB 0x0000000085e00000| Complete 
|  95|0x0000000085f00000, 0x0000000086000000, 0x0000000086000000|100%| O|  |TAMS 0x0000000085f00000| PB 0x0000000085f00000| Untracked 
|  96|0x0000000086000000, 0x0000000086100000, 0x0000000086100000|100%| O|  |TAMS 0x0000000086000000| PB 0x0000000086000000| Untracked 
|  97|0x0000000086100000, 0x0000000086200000, 0x0000000086200000|100%| O|Cm|TAMS 0x0000000086100000| PB 0x0000000086100000| Complete 
|  98|0x0000000086200000, 0x0000000086300000, 0x0000000086300000|100%| O|  |TAMS 0x0000000086200000| PB 0x0000000086200000| Untracked 
|  99|0x0000000086300000, 0x0000000086400000, 0x0000000086400000|100%| O|  |TAMS 0x0000000086300000| PB 0x0000000086300000| Untracked 
| 100|0x0000000086400000, 0x0000000086500000, 0x0000000086500000|100%| O|  |TAMS 0x0000000086400000| PB 0x0000000086400000| Untracked 
| 101|0x0000000086500000, 0x0000000086600000, 0x0000000086600000|100%| O|  |TAMS 0x0000000086500000| PB 0x0000000086500000| Untracked 
| 102|0x0000000086600000, 0x0000000086700000, 0x0000000086700000|100%| O|  |TAMS 0x0000000086600000| PB 0x0000000086600000| Untracked 
| 103|0x0000000086700000, 0x0000000086800000, 0x0000000086800000|100%| O|  |TAMS 0x0000000086700000| PB 0x0000000086700000| Untracked 
| 104|0x0000000086800000, 0x0000000086900000, 0x0000000086900000|100%| O|  |TAMS 0x0000000086800000| PB 0x0000000086800000| Untracked 
| 105|0x0000000086900000, 0x0000000086a00000, 0x0000000086a00000|100%| O|  |TAMS 0x0000000086900000| PB 0x0000000086900000| Untracked 
| 106|0x0000000086a00000, 0x0000000086b00000, 0x0000000086b00000|100%| O|  |TAMS 0x0000000086a00000| PB 0x0000000086a00000| Untracked 
| 107|0x0000000086b00000, 0x0000000086c00000, 0x0000000086c00000|100%|HS|  |TAMS 0x0000000086b00000| PB 0x0000000086b00000| Complete 
| 108|0x0000000086c00000, 0x0000000086d00000, 0x0000000086d00000|100%|HC|  |TAMS 0x0000000086c00000| PB 0x0000000086c00000| Complete 
| 109|0x0000000086d00000, 0x0000000086e00000, 0x0000000086e00000|100%|HC|  |TAMS 0x0000000086d00000| PB 0x0000000086d00000| Complete 
| 110|0x0000000086e00000, 0x0000000086f00000, 0x0000000086f00000|100%|HC|  |TAMS 0x0000000086e00000| PB 0x0000000086e00000| Complete 
| 111|0x0000000086f00000, 0x0000000087000000, 0x0000000087000000|100%|HC|  |TAMS 0x0000000086f00000| PB 0x0000000086f00000| Complete 
| 112|0x0000000087000000, 0x0000000087100000, 0x0000000087100000|100%|HC|  |TAMS 0x0000000087000000| PB 0x0000000087000000| Complete 
| 113|0x0000000087100000, 0x0000000087200000, 0x0000000087200000|100%|HS|  |TAMS 0x0000000087100000| PB 0x0000000087100000| Complete 
| 114|0x0000000087200000, 0x0000000087300000, 0x0000000087300000|100%|HC|  |TAMS 0x0000000087200000| PB 0x0000000087200000| Complete 
| 115|0x0000000087300000, 0x0000000087400000, 0x0000000087400000|100%|HC|  |TAMS 0x0000000087300000| PB 0x0000000087300000| Complete 
| 116|0x0000000087400000, 0x0000000087500000, 0x0000000087500000|100%| O|  |TAMS 0x0000000087400000| PB 0x0000000087400000| Untracked 
| 117|0x0000000087500000, 0x0000000087600000, 0x0000000087600000|100%| O|  |TAMS 0x0000000087500000| PB 0x0000000087500000| Untracked 
| 118|0x0000000087600000, 0x0000000087700000, 0x0000000087700000|100%| O|  |TAMS 0x0000000087600000| PB 0x0000000087600000| Untracked 
| 119|0x0000000087700000, 0x0000000087800000, 0x0000000087800000|100%| O|  |TAMS 0x0000000087700000| PB 0x0000000087700000| Untracked 
| 120|0x0000000087800000, 0x0000000087900000, 0x0000000087900000|100%| O|  |TAMS 0x0000000087800000| PB 0x0000000087800000| Untracked 
| 121|0x0000000087900000, 0x0000000087a00000, 0x0000000087a00000|100%|HS|  |TAMS 0x0000000087900000| PB 0x0000000087900000| Complete 
| 122|0x0000000087a00000, 0x0000000087b00000, 0x0000000087b00000|100%|HC|  |TAMS 0x0000000087a00000| PB 0x0000000087a00000| Complete 
| 123|0x0000000087b00000, 0x0000000087c00000, 0x0000000087c00000|100%|HS|  |TAMS 0x0000000087b00000| PB 0x0000000087b00000| Complete 
| 124|0x0000000087c00000, 0x0000000087d00000, 0x0000000087d00000|100%|HC|  |TAMS 0x0000000087c00000| PB 0x0000000087c00000| Complete 
| 125|0x0000000087d00000, 0x0000000087e00000, 0x0000000087e00000|100%|HC|  |TAMS 0x0000000087d00000| PB 0x0000000087d00000| Complete 
| 126|0x0000000087e00000, 0x0000000087f00000, 0x0000000087f00000|100%|HC|  |TAMS 0x0000000087e00000| PB 0x0000000087e00000| Complete 
| 127|0x0000000087f00000, 0x0000000088000000, 0x0000000088000000|100%|HC|  |TAMS 0x0000000087f00000| PB 0x0000000087f00000| Complete 
| 128|0x0000000088000000, 0x0000000088100000, 0x0000000088100000|100%|HC|  |TAMS 0x0000000088000000| PB 0x0000000088000000| Complete 
| 129|0x0000000088100000, 0x0000000088200000, 0x0000000088200000|100%|HS|  |TAMS 0x0000000088100000| PB 0x0000000088100000| Complete 
| 130|0x0000000088200000, 0x0000000088300000, 0x0000000088300000|100%|HC|  |TAMS 0x0000000088200000| PB 0x0000000088200000| Complete 
| 131|0x0000000088300000, 0x0000000088400000, 0x0000000088400000|100%|HC|  |TAMS 0x0000000088300000| PB 0x0000000088300000| Complete 
| 132|0x0000000088400000, 0x0000000088500000, 0x0000000088500000|100%|HC|  |TAMS 0x0000000088400000| PB 0x0000000088400000| Complete 
| 133|0x0000000088500000, 0x0000000088600000, 0x0000000088600000|100%|HC|  |TAMS 0x0000000088500000| PB 0x0000000088500000| Complete 
| 134|0x0000000088600000, 0x0000000088700000, 0x0000000088700000|100%|HC|  |TAMS 0x0000000088600000| PB 0x0000000088600000| Complete 
| 135|0x0000000088700000, 0x0000000088800000, 0x0000000088800000|100%| O|  |TAMS 0x0000000088700000| PB 0x0000000088700000| Untracked 
| 136|0x0000000088800000, 0x0000000088900000, 0x0000000088900000|100%| O|  |TAMS 0x0000000088800000| PB 0x0000000088800000| Untracked 
| 137|0x0000000088900000, 0x0000000088a00000, 0x0000000088a00000|100%|HS|  |TAMS 0x0000000088900000| PB 0x0000000088900000| Complete 
| 138|0x0000000088a00000, 0x0000000088b00000, 0x0000000088b00000|100%|HC|  |TAMS 0x0000000088a00000| PB 0x0000000088a00000| Complete 
| 139|0x0000000088b00000, 0x0000000088c00000, 0x0000000088c00000|100%|HC|  |TAMS 0x0000000088b00000| PB 0x0000000088b00000| Complete 
| 140|0x0000000088c00000, 0x0000000088d00000, 0x0000000088d00000|100%|HC|  |TAMS 0x0000000088c00000| PB 0x0000000088c00000| Complete 
| 141|0x0000000088d00000, 0x0000000088e00000, 0x0000000088e00000|100%|HC|  |TAMS 0x0000000088d00000| PB 0x0000000088d00000| Complete 
| 142|0x0000000088e00000, 0x0000000088f00000, 0x0000000088f00000|100%|HC|  |TAMS 0x0000000088e00000| PB 0x0000000088e00000| Complete 
| 143|0x0000000088f00000, 0x0000000089000000, 0x0000000089000000|100%|HS|  |TAMS 0x0000000088f00000| PB 0x0000000088f00000| Complete 
| 144|0x0000000089000000, 0x0000000089100000, 0x0000000089100000|100%|HC|  |TAMS 0x0000000089000000| PB 0x0000000089000000| Complete 
| 145|0x0000000089100000, 0x0000000089200000, 0x0000000089200000|100%| O|  |TAMS 0x0000000089100000| PB 0x0000000089100000| Untracked 
| 146|0x0000000089200000, 0x0000000089300000, 0x0000000089300000|100%| O|  |TAMS 0x0000000089200000| PB 0x0000000089200000| Untracked 
| 147|0x0000000089300000, 0x0000000089400000, 0x0000000089400000|100%| O|  |TAMS 0x0000000089300000| PB 0x0000000089300000| Untracked 
| 148|0x0000000089400000, 0x0000000089500000, 0x0000000089500000|100%| O|  |TAMS 0x0000000089400000| PB 0x0000000089400000| Untracked 
| 149|0x0000000089500000, 0x0000000089600000, 0x0000000089600000|100%| O|Cm|TAMS 0x0000000089500000| PB 0x0000000089500000| Complete 
| 150|0x0000000089600000, 0x0000000089700000, 0x0000000089700000|100%|HS|  |TAMS 0x0000000089600000| PB 0x0000000089600000| Complete 
| 151|0x0000000089700000, 0x0000000089800000, 0x0000000089800000|100%|HC|  |TAMS 0x0000000089700000| PB 0x0000000089700000| Complete 
| 152|0x0000000089800000, 0x0000000089900000, 0x0000000089900000|100%|HC|  |TAMS 0x0000000089800000| PB 0x0000000089800000| Complete 
| 153|0x0000000089900000, 0x0000000089a00000, 0x0000000089a00000|100%| O|  |TAMS 0x0000000089900000| PB 0x0000000089900000| Untracked 
| 154|0x0000000089a00000, 0x0000000089b00000, 0x0000000089b00000|100%| O|  |TAMS 0x0000000089a00000| PB 0x0000000089a00000| Untracked 
| 155|0x0000000089b00000, 0x0000000089c00000, 0x0000000089c00000|100%| O|  |TAMS 0x0000000089b00000| PB 0x0000000089b00000| Untracked 
| 156|0x0000000089c00000, 0x0000000089d00000, 0x0000000089d00000|100%| O|  |TAMS 0x0000000089c00000| PB 0x0000000089c00000| Untracked 
| 157|0x0000000089d00000, 0x0000000089e00000, 0x0000000089e00000|100%| O|  |TAMS 0x0000000089d00000| PB 0x0000000089d00000| Untracked 
| 158|0x0000000089e00000, 0x0000000089f00000, 0x0000000089f00000|100%| O|  |TAMS 0x0000000089e00000| PB 0x0000000089e00000| Untracked 
| 159|0x0000000089f00000, 0x000000008a000000, 0x000000008a000000|100%| O|  |TAMS 0x0000000089f00000| PB 0x0000000089f00000| Untracked 
| 160|0x000000008a000000, 0x000000008a100000, 0x000000008a100000|100%| O|  |TAMS 0x000000008a000000| PB 0x000000008a000000| Untracked 
| 161|0x000000008a100000, 0x000000008a200000, 0x000000008a200000|100%| O|Cm|TAMS 0x000000008a100000| PB 0x000000008a100000| Complete 
| 162|0x000000008a200000, 0x000000008a300000, 0x000000008a300000|100%| O|  |TAMS 0x000000008a200000| PB 0x000000008a200000| Untracked 
| 163|0x000000008a300000, 0x000000008a400000, 0x000000008a400000|100%| O|  |TAMS 0x000000008a300000| PB 0x000000008a300000| Untracked 
| 164|0x000000008a400000, 0x000000008a500000, 0x000000008a500000|100%| O|  |TAMS 0x000000008a400000| PB 0x000000008a400000| Untracked 
| 165|0x000000008a500000, 0x000000008a600000, 0x000000008a600000|100%| O|  |TAMS 0x000000008a500000| PB 0x000000008a500000| Untracked 
| 166|0x000000008a600000, 0x000000008a700000, 0x000000008a700000|100%| O|  |TAMS 0x000000008a600000| PB 0x000000008a600000| Untracked 
| 167|0x000000008a700000, 0x000000008a800000, 0x000000008a800000|100%| O|  |TAMS 0x000000008a700000| PB 0x000000008a700000| Untracked 
| 168|0x000000008a800000, 0x000000008a900000, 0x000000008a900000|100%| O|  |TAMS 0x000000008a800000| PB 0x000000008a800000| Untracked 
| 169|0x000000008a900000, 0x000000008aa00000, 0x000000008aa00000|100%| O|  |TAMS 0x000000008a900000| PB 0x000000008a900000| Untracked 
| 170|0x000000008aa00000, 0x000000008ab00000, 0x000000008ab00000|100%| O|  |TAMS 0x000000008aa00000| PB 0x000000008aa00000| Untracked 
| 171|0x000000008ab00000, 0x000000008ac00000, 0x000000008ac00000|100%| O|  |TAMS 0x000000008ab00000| PB 0x000000008ab00000| Untracked 
| 172|0x000000008ac00000, 0x000000008ad00000, 0x000000008ad00000|100%| O|  |TAMS 0x000000008ac00000| PB 0x000000008ac00000| Untracked 
| 173|0x000000008ad00000, 0x000000008ae00000, 0x000000008ae00000|100%| O|  |TAMS 0x000000008ad00000| PB 0x000000008ad00000| Untracked 
| 174|0x000000008ae00000, 0x000000008af00000, 0x000000008af00000|100%| O|  |TAMS 0x000000008ae00000| PB 0x000000008ae00000| Untracked 
| 175|0x000000008af00000, 0x000000008b000000, 0x000000008b000000|100%| O|  |TAMS 0x000000008af00000| PB 0x000000008af00000| Untracked 
| 176|0x000000008b000000, 0x000000008b100000, 0x000000008b100000|100%| O|  |TAMS 0x000000008b000000| PB 0x000000008b000000| Untracked 
| 177|0x000000008b100000, 0x000000008b200000, 0x000000008b200000|100%| O|  |TAMS 0x000000008b100000| PB 0x000000008b100000| Untracked 
| 178|0x000000008b200000, 0x000000008b300000, 0x000000008b300000|100%| O|  |TAMS 0x000000008b200000| PB 0x000000008b200000| Untracked 
| 179|0x000000008b300000, 0x000000008b400000, 0x000000008b400000|100%| O|  |TAMS 0x000000008b300000| PB 0x000000008b300000| Untracked 
| 180|0x000000008b400000, 0x000000008b500000, 0x000000008b500000|100%| O|  |TAMS 0x000000008b400000| PB 0x000000008b400000| Untracked 
| 181|0x000000008b500000, 0x000000008b600000, 0x000000008b600000|100%| O|  |TAMS 0x000000008b500000| PB 0x000000008b500000| Untracked 
| 182|0x000000008b600000, 0x000000008b660128, 0x000000008b700000| 37%| O|  |TAMS 0x000000008b600000| PB 0x000000008b600000| Untracked 
| 183|0x000000008b700000, 0x000000008b800000, 0x000000008b800000|100%| O|  |TAMS 0x000000008b700000| PB 0x000000008b700000| Untracked 
| 184|0x000000008b800000, 0x000000008b800000, 0x000000008b900000|  0%| F|  |TAMS 0x000000008b800000| PB 0x000000008b800000| Untracked 
| 185|0x000000008b900000, 0x000000008b900000, 0x000000008ba00000|  0%| F|  |TAMS 0x000000008b900000| PB 0x000000008b900000| Untracked 
| 186|0x000000008ba00000, 0x000000008ba00000, 0x000000008bb00000|  0%| F|  |TAMS 0x000000008ba00000| PB 0x000000008ba00000| Untracked 
| 187|0x000000008bb00000, 0x000000008bb00000, 0x000000008bc00000|  0%| F|  |TAMS 0x000000008bb00000| PB 0x000000008bb00000| Untracked 
| 188|0x000000008bc00000, 0x000000008bd00000, 0x000000008bd00000|100%| O|Cm|TAMS 0x000000008bc00000| PB 0x000000008bc00000| Complete 
| 189|0x000000008bd00000, 0x000000008be00000, 0x000000008be00000|100%| O|Cm|TAMS 0x000000008bd00000| PB 0x000000008bd00000| Complete 
| 190|0x000000008be00000, 0x000000008bf00000, 0x000000008bf00000|100%| O|Cm|TAMS 0x000000008be00000| PB 0x000000008be00000| Complete 
| 191|0x000000008bf00000, 0x000000008c000000, 0x000000008c000000|100%| O|  |TAMS 0x000000008bf00000| PB 0x000000008bf00000| Untracked 
| 192|0x000000008c000000, 0x000000008c100000, 0x000000008c100000|100%| O|Cm|TAMS 0x000000008c000000| PB 0x000000008c000000| Complete 
| 193|0x000000008c100000, 0x000000008c200000, 0x000000008c200000|100%| O|  |TAMS 0x000000008c100000| PB 0x000000008c100000| Untracked 
| 194|0x000000008c200000, 0x000000008c300000, 0x000000008c300000|100%| O|  |TAMS 0x000000008c200000| PB 0x000000008c200000| Untracked 
| 195|0x000000008c300000, 0x000000008c400000, 0x000000008c400000|100%| O|  |TAMS 0x000000008c300000| PB 0x000000008c300000| Untracked 
| 196|0x000000008c400000, 0x000000008c500000, 0x000000008c500000|100%| O|  |TAMS 0x000000008c400000| PB 0x000000008c400000| Untracked 
| 197|0x000000008c500000, 0x000000008c600000, 0x000000008c600000|100%| O|  |TAMS 0x000000008c500000| PB 0x000000008c500000| Untracked 
| 198|0x000000008c600000, 0x000000008c600000, 0x000000008c700000|  0%| F|  |TAMS 0x000000008c600000| PB 0x000000008c600000| Untracked 
| 199|0x000000008c700000, 0x000000008c800000, 0x000000008c800000|100%| O|Cm|TAMS 0x000000008c700000| PB 0x000000008c700000| Complete 
| 200|0x000000008c800000, 0x000000008c800000, 0x000000008c900000|  0%| F|  |TAMS 0x000000008c800000| PB 0x000000008c800000| Untracked 
| 201|0x000000008c900000, 0x000000008ca00000, 0x000000008ca00000|100%|HS|  |TAMS 0x000000008c900000| PB 0x000000008c900000| Complete 
| 202|0x000000008ca00000, 0x000000008cb00000, 0x000000008cb00000|100%| O|  |TAMS 0x000000008ca00000| PB 0x000000008ca00000| Untracked 
| 203|0x000000008cb00000, 0x000000008cc00000, 0x000000008cc00000|100%| O|  |TAMS 0x000000008cb00000| PB 0x000000008cb00000| Untracked 
| 204|0x000000008cc00000, 0x000000008cc00000, 0x000000008cd00000|  0%| F|  |TAMS 0x000000008cc00000| PB 0x000000008cc00000| Untracked 
| 205|0x000000008cd00000, 0x000000008ce00000, 0x000000008ce00000|100%| O|  |TAMS 0x000000008cd00000| PB 0x000000008cd00000| Untracked 
| 206|0x000000008ce00000, 0x000000008cf00000, 0x000000008cf00000|100%| O|  |TAMS 0x000000008ce00000| PB 0x000000008ce00000| Untracked 
| 207|0x000000008cf00000, 0x000000008d000000, 0x000000008d000000|100%| O|  |TAMS 0x000000008cf00000| PB 0x000000008cf00000| Untracked 
| 208|0x000000008d000000, 0x000000008d100000, 0x000000008d100000|100%| O|  |TAMS 0x000000008d000000| PB 0x000000008d000000| Untracked 
| 209|0x000000008d100000, 0x000000008d200000, 0x000000008d200000|100%| O|  |TAMS 0x000000008d100000| PB 0x000000008d100000| Untracked 
| 210|0x000000008d200000, 0x000000008d300000, 0x000000008d300000|100%| O|  |TAMS 0x000000008d200000| PB 0x000000008d200000| Untracked 
| 211|0x000000008d300000, 0x000000008d400000, 0x000000008d400000|100%| O|  |TAMS 0x000000008d300000| PB 0x000000008d300000| Untracked 
| 212|0x000000008d400000, 0x000000008d500000, 0x000000008d500000|100%| O|  |TAMS 0x000000008d400000| PB 0x000000008d400000| Untracked 
| 213|0x000000008d500000, 0x000000008d600000, 0x000000008d600000|100%| O|  |TAMS 0x000000008d500000| PB 0x000000008d500000| Untracked 
| 214|0x000000008d600000, 0x000000008d700000, 0x000000008d700000|100%| O|Cm|TAMS 0x000000008d600000| PB 0x000000008d600000| Complete 
| 215|0x000000008d700000, 0x000000008d800000, 0x000000008d800000|100%| O|Cm|TAMS 0x000000008d700000| PB 0x000000008d700000| Complete 
| 216|0x000000008d800000, 0x000000008d900000, 0x000000008d900000|100%| O|Cm|TAMS 0x000000008d800000| PB 0x000000008d800000| Complete 
| 217|0x000000008d900000, 0x000000008d900000, 0x000000008da00000|  0%| F|  |TAMS 0x000000008d900000| PB 0x000000008d900000| Untracked 
| 218|0x000000008da00000, 0x000000008da00000, 0x000000008db00000|  0%| F|  |TAMS 0x000000008da00000| PB 0x000000008da00000| Untracked 
| 219|0x000000008db00000, 0x000000008db00000, 0x000000008dc00000|  0%| F|  |TAMS 0x000000008db00000| PB 0x000000008db00000| Untracked 
| 220|0x000000008dc00000, 0x000000008dd00000, 0x000000008dd00000|100%|HS|  |TAMS 0x000000008dc00000| PB 0x000000008dc00000| Complete 
| 221|0x000000008dd00000, 0x000000008de00000, 0x000000008de00000|100%|HC|  |TAMS 0x000000008dd00000| PB 0x000000008dd00000| Complete 
| 222|0x000000008de00000, 0x000000008df00000, 0x000000008df00000|100%|HC|  |TAMS 0x000000008de00000| PB 0x000000008de00000| Complete 
| 223|0x000000008df00000, 0x000000008e000000, 0x000000008e000000|100%|HC|  |TAMS 0x000000008df00000| PB 0x000000008df00000| Complete 
| 224|0x000000008e000000, 0x000000008e100000, 0x000000008e100000|100%|HC|  |TAMS 0x000000008e000000| PB 0x000000008e000000| Complete 
| 225|0x000000008e100000, 0x000000008e200000, 0x000000008e200000|100%|HC|  |TAMS 0x000000008e100000| PB 0x000000008e100000| Complete 
| 226|0x000000008e200000, 0x000000008e300000, 0x000000008e300000|100%| O|  |TAMS 0x000000008e200000| PB 0x000000008e200000| Untracked 
| 227|0x000000008e300000, 0x000000008e400000, 0x000000008e400000|100%| O|  |TAMS 0x000000008e300000| PB 0x000000008e300000| Untracked 
| 228|0x000000008e400000, 0x000000008e500000, 0x000000008e500000|100%| O|  |TAMS 0x000000008e400000| PB 0x000000008e400000| Untracked 
| 229|0x000000008e500000, 0x000000008e600000, 0x000000008e600000|100%| O|  |TAMS 0x000000008e500000| PB 0x000000008e500000| Untracked 
| 230|0x000000008e600000, 0x000000008e700000, 0x000000008e700000|100%| O|  |TAMS 0x000000008e600000| PB 0x000000008e600000| Untracked 
| 231|0x000000008e700000, 0x000000008e800000, 0x000000008e800000|100%| O|  |TAMS 0x000000008e700000| PB 0x000000008e700000| Untracked 
| 232|0x000000008e800000, 0x000000008e900000, 0x000000008e900000|100%| O|  |TAMS 0x000000008e800000| PB 0x000000008e800000| Untracked 
| 233|0x000000008e900000, 0x000000008ea00000, 0x000000008ea00000|100%| O|  |TAMS 0x000000008e900000| PB 0x000000008e900000| Untracked 
| 234|0x000000008ea00000, 0x000000008eb00000, 0x000000008eb00000|100%| O|  |TAMS 0x000000008ea00000| PB 0x000000008ea00000| Untracked 
| 235|0x000000008eb00000, 0x000000008ec00000, 0x000000008ec00000|100%| O|  |TAMS 0x000000008eb00000| PB 0x000000008eb00000| Untracked 
| 236|0x000000008ec00000, 0x000000008ed00000, 0x000000008ed00000|100%| O|  |TAMS 0x000000008ec00000| PB 0x000000008ec00000| Untracked 
| 237|0x000000008ed00000, 0x000000008ee00000, 0x000000008ee00000|100%| O|  |TAMS 0x000000008ed00000| PB 0x000000008ed00000| Untracked 
| 238|0x000000008ee00000, 0x000000008ef00000, 0x000000008ef00000|100%| O|  |TAMS 0x000000008ee00000| PB 0x000000008ee00000| Untracked 
| 239|0x000000008ef00000, 0x000000008f000000, 0x000000008f000000|100%| O|  |TAMS 0x000000008ef00000| PB 0x000000008ef00000| Untracked 
| 240|0x000000008f000000, 0x000000008f100000, 0x000000008f100000|100%| O|  |TAMS 0x000000008f000000| PB 0x000000008f000000| Untracked 
| 241|0x000000008f100000, 0x000000008f200000, 0x000000008f200000|100%| O|  |TAMS 0x000000008f100000| PB 0x000000008f100000| Untracked 
| 242|0x000000008f200000, 0x000000008f300000, 0x000000008f300000|100%| O|  |TAMS 0x000000008f200000| PB 0x000000008f200000| Untracked 
| 243|0x000000008f300000, 0x000000008f400000, 0x000000008f400000|100%| O|  |TAMS 0x000000008f300000| PB 0x000000008f300000| Untracked 
| 244|0x000000008f400000, 0x000000008f500000, 0x000000008f500000|100%| O|  |TAMS 0x000000008f400000| PB 0x000000008f400000| Untracked 
| 245|0x000000008f500000, 0x000000008f600000, 0x000000008f600000|100%| O|  |TAMS 0x000000008f500000| PB 0x000000008f500000| Untracked 
| 246|0x000000008f600000, 0x000000008f600000, 0x000000008f700000|  0%| F|  |TAMS 0x000000008f600000| PB 0x000000008f600000| Untracked 
| 247|0x000000008f700000, 0x000000008f700000, 0x000000008f800000|  0%| F|  |TAMS 0x000000008f700000| PB 0x000000008f700000| Untracked 
| 248|0x000000008f800000, 0x000000008f800000, 0x000000008f900000|  0%| F|  |TAMS 0x000000008f800000| PB 0x000000008f800000| Untracked 
| 249|0x000000008f900000, 0x000000008f900000, 0x000000008fa00000|  0%| F|  |TAMS 0x000000008f900000| PB 0x000000008f900000| Untracked 
| 250|0x000000008fa00000, 0x000000008fa00000, 0x000000008fb00000|  0%| F|  |TAMS 0x000000008fa00000| PB 0x000000008fa00000| Untracked 
| 251|0x000000008fb00000, 0x000000008fb00000, 0x000000008fc00000|  0%| F|  |TAMS 0x000000008fb00000| PB 0x000000008fb00000| Untracked 
| 252|0x000000008fc00000, 0x000000008fc00000, 0x000000008fd00000|  0%| F|  |TAMS 0x000000008fc00000| PB 0x000000008fc00000| Untracked 
| 253|0x000000008fd00000, 0x000000008fd00000, 0x000000008fe00000|  0%| F|  |TAMS 0x000000008fd00000| PB 0x000000008fd00000| Untracked 
| 254|0x000000008fe00000, 0x000000008fe00000, 0x000000008ff00000|  0%| F|  |TAMS 0x000000008fe00000| PB 0x000000008fe00000| Untracked 
| 255|0x000000008ff00000, 0x000000008ff00000, 0x0000000090000000|  0%| F|  |TAMS 0x000000008ff00000| PB 0x000000008ff00000| Untracked 
| 256|0x0000000090000000, 0x0000000090000000, 0x0000000090100000|  0%| F|  |TAMS 0x0000000090000000| PB 0x0000000090000000| Untracked 
| 257|0x0000000090100000, 0x0000000090100000, 0x0000000090200000|  0%| F|  |TAMS 0x0000000090100000| PB 0x0000000090100000| Untracked 
| 258|0x0000000090200000, 0x0000000090200000, 0x0000000090300000|  0%| F|  |TAMS 0x0000000090200000| PB 0x0000000090200000| Untracked 
| 259|0x0000000090300000, 0x0000000090300000, 0x0000000090400000|  0%| F|  |TAMS 0x0000000090300000| PB 0x0000000090300000| Untracked 
| 260|0x0000000090400000, 0x0000000090400000, 0x0000000090500000|  0%| F|  |TAMS 0x0000000090400000| PB 0x0000000090400000| Untracked 
| 261|0x0000000090500000, 0x0000000090500000, 0x0000000090600000|  0%| F|  |TAMS 0x0000000090500000| PB 0x0000000090500000| Untracked 
| 262|0x0000000090600000, 0x0000000090600000, 0x0000000090700000|  0%| F|  |TAMS 0x0000000090600000| PB 0x0000000090600000| Untracked 
| 263|0x0000000090700000, 0x0000000090700000, 0x0000000090800000|  0%| F|  |TAMS 0x0000000090700000| PB 0x0000000090700000| Untracked 
| 264|0x0000000090800000, 0x0000000090800000, 0x0000000090900000|  0%| F|  |TAMS 0x0000000090800000| PB 0x0000000090800000| Untracked 
| 265|0x0000000090900000, 0x0000000090900000, 0x0000000090a00000|  0%| F|  |TAMS 0x0000000090900000| PB 0x0000000090900000| Untracked 
| 266|0x0000000090a00000, 0x0000000090a00000, 0x0000000090b00000|  0%| F|  |TAMS 0x0000000090a00000| PB 0x0000000090a00000| Untracked 
| 267|0x0000000090b00000, 0x0000000090b00000, 0x0000000090c00000|  0%| F|  |TAMS 0x0000000090b00000| PB 0x0000000090b00000| Untracked 
| 268|0x0000000090c00000, 0x0000000090c00000, 0x0000000090d00000|  0%| F|  |TAMS 0x0000000090c00000| PB 0x0000000090c00000| Untracked 
| 269|0x0000000090d00000, 0x0000000090d00000, 0x0000000090e00000|  0%| F|  |TAMS 0x0000000090d00000| PB 0x0000000090d00000| Untracked 
| 270|0x0000000090e00000, 0x0000000090e00000, 0x0000000090f00000|  0%| F|  |TAMS 0x0000000090e00000| PB 0x0000000090e00000| Untracked 
| 271|0x0000000090f00000, 0x0000000090f00000, 0x0000000091000000|  0%| F|  |TAMS 0x0000000090f00000| PB 0x0000000090f00000| Untracked 
| 272|0x0000000091000000, 0x0000000091000000, 0x0000000091100000|  0%| F|  |TAMS 0x0000000091000000| PB 0x0000000091000000| Untracked 
| 273|0x0000000091100000, 0x0000000091100000, 0x0000000091200000|  0%| F|  |TAMS 0x0000000091100000| PB 0x0000000091100000| Untracked 
| 274|0x0000000091200000, 0x0000000091200000, 0x0000000091300000|  0%| F|  |TAMS 0x0000000091200000| PB 0x0000000091200000| Untracked 
| 275|0x0000000091300000, 0x0000000091300000, 0x0000000091400000|  0%| F|  |TAMS 0x0000000091300000| PB 0x0000000091300000| Untracked 
| 276|0x0000000091400000, 0x0000000091400000, 0x0000000091500000|  0%| F|  |TAMS 0x0000000091400000| PB 0x0000000091400000| Untracked 
| 277|0x0000000091500000, 0x0000000091500000, 0x0000000091600000|  0%| F|  |TAMS 0x0000000091500000| PB 0x0000000091500000| Untracked 
| 278|0x0000000091600000, 0x0000000091600000, 0x0000000091700000|  0%| F|  |TAMS 0x0000000091600000| PB 0x0000000091600000| Untracked 
| 279|0x0000000091700000, 0x0000000091700000, 0x0000000091800000|  0%| F|  |TAMS 0x0000000091700000| PB 0x0000000091700000| Untracked 
| 280|0x0000000091800000, 0x0000000091800000, 0x0000000091900000|  0%| F|  |TAMS 0x0000000091800000| PB 0x0000000091800000| Untracked 
| 281|0x0000000091900000, 0x0000000091900000, 0x0000000091a00000|  0%| F|  |TAMS 0x0000000091900000| PB 0x0000000091900000| Untracked 
| 282|0x0000000091a00000, 0x0000000091a00000, 0x0000000091b00000|  0%| F|  |TAMS 0x0000000091a00000| PB 0x0000000091a00000| Untracked 
| 283|0x0000000091b00000, 0x0000000091b00000, 0x0000000091c00000|  0%| F|  |TAMS 0x0000000091b00000| PB 0x0000000091b00000| Untracked 
| 284|0x0000000091c00000, 0x0000000091c00000, 0x0000000091d00000|  0%| F|  |TAMS 0x0000000091c00000| PB 0x0000000091c00000| Untracked 
| 285|0x0000000091d00000, 0x0000000091d00000, 0x0000000091e00000|  0%| F|  |TAMS 0x0000000091d00000| PB 0x0000000091d00000| Untracked 
| 286|0x0000000091e00000, 0x0000000091e00000, 0x0000000091f00000|  0%| F|  |TAMS 0x0000000091e00000| PB 0x0000000091e00000| Untracked 
| 287|0x0000000091f00000, 0x0000000091f00000, 0x0000000092000000|  0%| F|  |TAMS 0x0000000091f00000| PB 0x0000000091f00000| Untracked 
| 288|0x0000000092000000, 0x0000000092000000, 0x0000000092100000|  0%| F|  |TAMS 0x0000000092000000| PB 0x0000000092000000| Untracked 
| 289|0x0000000092100000, 0x0000000092100000, 0x0000000092200000|  0%| F|  |TAMS 0x0000000092100000| PB 0x0000000092100000| Untracked 
| 290|0x0000000092200000, 0x0000000092200000, 0x0000000092300000|  0%| F|  |TAMS 0x0000000092200000| PB 0x0000000092200000| Untracked 
| 291|0x0000000092300000, 0x00000000923b26a0, 0x0000000092400000| 69%| S|CS|TAMS 0x0000000092300000| PB 0x0000000092300000| Complete 
| 292|0x0000000092400000, 0x0000000092500000, 0x0000000092500000|100%| S|CS|TAMS 0x0000000092400000| PB 0x0000000092400000| Complete 
| 293|0x0000000092500000, 0x0000000092600000, 0x0000000092600000|100%| S|CS|TAMS 0x0000000092500000| PB 0x0000000092500000| Complete 
| 294|0x0000000092600000, 0x0000000092700000, 0x0000000092700000|100%| S|CS|TAMS 0x0000000092600000| PB 0x0000000092600000| Complete 
| 295|0x0000000092700000, 0x0000000092800000, 0x0000000092800000|100%| S|CS|TAMS 0x0000000092700000| PB 0x0000000092700000| Complete 
| 296|0x0000000092800000, 0x0000000092900000, 0x0000000092900000|100%| S|CS|TAMS 0x0000000092800000| PB 0x0000000092800000| Complete 
| 297|0x0000000092900000, 0x0000000092a00000, 0x0000000092a00000|100%| S|CS|TAMS 0x0000000092900000| PB 0x0000000092900000| Complete 
| 298|0x0000000092a00000, 0x0000000092b00000, 0x0000000092b00000|100%| S|CS|TAMS 0x0000000092a00000| PB 0x0000000092a00000| Complete 
| 299|0x0000000092b00000, 0x0000000092c00000, 0x0000000092c00000|100%| S|CS|TAMS 0x0000000092b00000| PB 0x0000000092b00000| Complete 
| 300|0x0000000092c00000, 0x0000000092d00000, 0x0000000092d00000|100%| S|CS|TAMS 0x0000000092c00000| PB 0x0000000092c00000| Complete 
| 301|0x0000000092d00000, 0x0000000092e00000, 0x0000000092e00000|100%| S|CS|TAMS 0x0000000092d00000| PB 0x0000000092d00000| Complete 
| 302|0x0000000092e00000, 0x0000000092f00000, 0x0000000092f00000|100%| S|CS|TAMS 0x0000000092e00000| PB 0x0000000092e00000| Complete 
| 303|0x0000000092f00000, 0x0000000093000000, 0x0000000093000000|100%| S|CS|TAMS 0x0000000092f00000| PB 0x0000000092f00000| Complete 
| 304|0x0000000093000000, 0x0000000093100000, 0x0000000093100000|100%| S|CS|TAMS 0x0000000093000000| PB 0x0000000093000000| Complete 
| 305|0x0000000093100000, 0x0000000093200000, 0x0000000093200000|100%| S|CS|TAMS 0x0000000093100000| PB 0x0000000093100000| Complete 
| 306|0x0000000093200000, 0x0000000093200000, 0x0000000093300000|  0%| F|  |TAMS 0x0000000093200000| PB 0x0000000093200000| Untracked 
| 307|0x0000000093300000, 0x0000000093300000, 0x0000000093400000|  0%| F|  |TAMS 0x0000000093300000| PB 0x0000000093300000| Untracked 
| 308|0x0000000093400000, 0x0000000093400000, 0x0000000093500000|  0%| F|  |TAMS 0x0000000093400000| PB 0x0000000093400000| Untracked 
| 309|0x0000000093500000, 0x0000000093500000, 0x0000000093600000|  0%| F|  |TAMS 0x0000000093500000| PB 0x0000000093500000| Untracked 
| 310|0x0000000093600000, 0x0000000093600000, 0x0000000093700000|  0%| F|  |TAMS 0x0000000093600000| PB 0x0000000093600000| Untracked 
| 311|0x0000000093700000, 0x0000000093700000, 0x0000000093800000|  0%| F|  |TAMS 0x0000000093700000| PB 0x0000000093700000| Untracked 
| 312|0x0000000093800000, 0x0000000093800000, 0x0000000093900000|  0%| F|  |TAMS 0x0000000093800000| PB 0x0000000093800000| Untracked 
| 313|0x0000000093900000, 0x0000000093900000, 0x0000000093a00000|  0%| F|  |TAMS 0x0000000093900000| PB 0x0000000093900000| Untracked 
| 314|0x0000000093a00000, 0x0000000093a00000, 0x0000000093b00000|  0%| F|  |TAMS 0x0000000093a00000| PB 0x0000000093a00000| Untracked 
| 315|0x0000000093b00000, 0x0000000093b00000, 0x0000000093c00000|  0%| F|  |TAMS 0x0000000093b00000| PB 0x0000000093b00000| Untracked 
| 316|0x0000000093c00000, 0x0000000093c00000, 0x0000000093d00000|  0%| F|  |TAMS 0x0000000093c00000| PB 0x0000000093c00000| Untracked 
| 317|0x0000000093d00000, 0x0000000093d00000, 0x0000000093e00000|  0%| F|  |TAMS 0x0000000093d00000| PB 0x0000000093d00000| Untracked 
| 318|0x0000000093e00000, 0x0000000093e00000, 0x0000000093f00000|  0%| F|  |TAMS 0x0000000093e00000| PB 0x0000000093e00000| Untracked 
| 319|0x0000000093f00000, 0x0000000093f00000, 0x0000000094000000|  0%| F|  |TAMS 0x0000000093f00000| PB 0x0000000093f00000| Untracked 
| 320|0x0000000094000000, 0x0000000094000000, 0x0000000094100000|  0%| F|  |TAMS 0x0000000094000000| PB 0x0000000094000000| Untracked 
| 321|0x0000000094100000, 0x0000000094100000, 0x0000000094200000|  0%| F|  |TAMS 0x0000000094100000| PB 0x0000000094100000| Untracked 
| 322|0x0000000094200000, 0x0000000094200000, 0x0000000094300000|  0%| F|  |TAMS 0x0000000094200000| PB 0x0000000094200000| Untracked 
| 323|0x0000000094300000, 0x0000000094300000, 0x0000000094400000|  0%| F|  |TAMS 0x0000000094300000| PB 0x0000000094300000| Untracked 
| 324|0x0000000094400000, 0x0000000094400000, 0x0000000094500000|  0%| F|  |TAMS 0x0000000094400000| PB 0x0000000094400000| Untracked 
| 325|0x0000000094500000, 0x0000000094500000, 0x0000000094600000|  0%| F|  |TAMS 0x0000000094500000| PB 0x0000000094500000| Untracked 
| 326|0x0000000094600000, 0x0000000094600000, 0x0000000094700000|  0%| F|  |TAMS 0x0000000094600000| PB 0x0000000094600000| Untracked 
| 327|0x0000000094700000, 0x0000000094700000, 0x0000000094800000|  0%| F|  |TAMS 0x0000000094700000| PB 0x0000000094700000| Untracked 
| 328|0x0000000094800000, 0x0000000094800000, 0x0000000094900000|  0%| F|  |TAMS 0x0000000094800000| PB 0x0000000094800000| Untracked 
| 329|0x0000000094900000, 0x0000000094900000, 0x0000000094a00000|  0%| F|  |TAMS 0x0000000094900000| PB 0x0000000094900000| Untracked 
| 330|0x0000000094a00000, 0x0000000094a00000, 0x0000000094b00000|  0%| F|  |TAMS 0x0000000094a00000| PB 0x0000000094a00000| Untracked 
| 331|0x0000000094b00000, 0x0000000094b00000, 0x0000000094c00000|  0%| F|  |TAMS 0x0000000094b00000| PB 0x0000000094b00000| Untracked 
| 332|0x0000000094c00000, 0x0000000094c00000, 0x0000000094d00000|  0%| F|  |TAMS 0x0000000094c00000| PB 0x0000000094c00000| Untracked 
| 333|0x0000000094d00000, 0x0000000094d00000, 0x0000000094e00000|  0%| F|  |TAMS 0x0000000094d00000| PB 0x0000000094d00000| Untracked 
| 334|0x0000000094e00000, 0x0000000094e00000, 0x0000000094f00000|  0%| F|  |TAMS 0x0000000094e00000| PB 0x0000000094e00000| Untracked 
| 335|0x0000000094f00000, 0x0000000094f00000, 0x0000000095000000|  0%| F|  |TAMS 0x0000000094f00000| PB 0x0000000094f00000| Untracked 
| 336|0x0000000095000000, 0x0000000095000000, 0x0000000095100000|  0%| F|  |TAMS 0x0000000095000000| PB 0x0000000095000000| Untracked 
| 337|0x0000000095100000, 0x0000000095100000, 0x0000000095200000|  0%| F|  |TAMS 0x0000000095100000| PB 0x0000000095100000| Untracked 
| 338|0x0000000095200000, 0x0000000095200000, 0x0000000095300000|  0%| F|  |TAMS 0x0000000095200000| PB 0x0000000095200000| Untracked 
| 339|0x0000000095300000, 0x0000000095300000, 0x0000000095400000|  0%| F|  |TAMS 0x0000000095300000| PB 0x0000000095300000| Untracked 
| 340|0x0000000095400000, 0x0000000095480cc8, 0x0000000095500000| 50%| E|  |TAMS 0x0000000095400000| PB 0x0000000095400000| Complete 
| 341|0x0000000095500000, 0x0000000095600000, 0x0000000095600000|100%| E|CS|TAMS 0x0000000095500000| PB 0x0000000095500000| Complete 
| 342|0x0000000095600000, 0x0000000095700000, 0x0000000095700000|100%| E|CS|TAMS 0x0000000095600000| PB 0x0000000095600000| Complete 
| 343|0x0000000095700000, 0x0000000095800000, 0x0000000095800000|100%| E|CS|TAMS 0x0000000095700000| PB 0x0000000095700000| Complete 
| 344|0x0000000095800000, 0x0000000095900000, 0x0000000095900000|100%| E|CS|TAMS 0x0000000095800000| PB 0x0000000095800000| Complete 
| 345|0x0000000095900000, 0x0000000095a00000, 0x0000000095a00000|100%| E|CS|TAMS 0x0000000095900000| PB 0x0000000095900000| Complete 
| 346|0x0000000095a00000, 0x0000000095b00000, 0x0000000095b00000|100%| E|CS|TAMS 0x0000000095a00000| PB 0x0000000095a00000| Complete 
| 347|0x0000000095b00000, 0x0000000095c00000, 0x0000000095c00000|100%| E|CS|TAMS 0x0000000095b00000| PB 0x0000000095b00000| Complete 
| 348|0x0000000095c00000, 0x0000000095d00000, 0x0000000095d00000|100%| E|CS|TAMS 0x0000000095c00000| PB 0x0000000095c00000| Complete 
| 349|0x0000000095d00000, 0x0000000095e00000, 0x0000000095e00000|100%| E|CS|TAMS 0x0000000095d00000| PB 0x0000000095d00000| Complete 
| 350|0x0000000095e00000, 0x0000000095f00000, 0x0000000095f00000|100%| E|CS|TAMS 0x0000000095e00000| PB 0x0000000095e00000| Complete 
| 351|0x0000000095f00000, 0x0000000096000000, 0x0000000096000000|100%| E|CS|TAMS 0x0000000095f00000| PB 0x0000000095f00000| Complete 
| 352|0x0000000096000000, 0x0000000096100000, 0x0000000096100000|100%| E|CS|TAMS 0x0000000096000000| PB 0x0000000096000000| Complete 
| 353|0x0000000096100000, 0x0000000096200000, 0x0000000096200000|100%| E|CS|TAMS 0x0000000096100000| PB 0x0000000096100000| Complete 
| 354|0x0000000096200000, 0x0000000096300000, 0x0000000096300000|100%| E|CS|TAMS 0x0000000096200000| PB 0x0000000096200000| Complete 
| 355|0x0000000096300000, 0x0000000096400000, 0x0000000096400000|100%| E|CS|TAMS 0x0000000096300000| PB 0x0000000096300000| Complete 
| 356|0x0000000096400000, 0x0000000096500000, 0x0000000096500000|100%| E|CS|TAMS 0x0000000096400000| PB 0x0000000096400000| Complete 
| 357|0x0000000096500000, 0x0000000096600000, 0x0000000096600000|100%| E|CS|TAMS 0x0000000096500000| PB 0x0000000096500000| Complete 
| 358|0x0000000096600000, 0x0000000096700000, 0x0000000096700000|100%| E|CS|TAMS 0x0000000096600000| PB 0x0000000096600000| Complete 
| 359|0x0000000096700000, 0x0000000096800000, 0x0000000096800000|100%| E|CS|TAMS 0x0000000096700000| PB 0x0000000096700000| Complete 
| 360|0x0000000096800000, 0x0000000096900000, 0x0000000096900000|100%| E|CS|TAMS 0x0000000096800000| PB 0x0000000096800000| Complete 
| 361|0x0000000096900000, 0x0000000096a00000, 0x0000000096a00000|100%| E|CS|TAMS 0x0000000096900000| PB 0x0000000096900000| Complete 
| 362|0x0000000096a00000, 0x0000000096b00000, 0x0000000096b00000|100%| E|CS|TAMS 0x0000000096a00000| PB 0x0000000096a00000| Complete 
| 363|0x0000000096b00000, 0x0000000096c00000, 0x0000000096c00000|100%| E|CS|TAMS 0x0000000096b00000| PB 0x0000000096b00000| Complete 
| 364|0x0000000096c00000, 0x0000000096d00000, 0x0000000096d00000|100%| E|CS|TAMS 0x0000000096c00000| PB 0x0000000096c00000| Complete 
| 365|0x0000000096d00000, 0x0000000096e00000, 0x0000000096e00000|100%| E|CS|TAMS 0x0000000096d00000| PB 0x0000000096d00000| Complete 
| 366|0x0000000096e00000, 0x0000000096f00000, 0x0000000096f00000|100%| E|CS|TAMS 0x0000000096e00000| PB 0x0000000096e00000| Complete 
| 367|0x0000000096f00000, 0x0000000097000000, 0x0000000097000000|100%| E|CS|TAMS 0x0000000096f00000| PB 0x0000000096f00000| Complete 
| 368|0x0000000097000000, 0x0000000097100000, 0x0000000097100000|100%| E|CS|TAMS 0x0000000097000000| PB 0x0000000097000000| Complete 
| 369|0x0000000097100000, 0x0000000097200000, 0x0000000097200000|100%| E|CS|TAMS 0x0000000097100000| PB 0x0000000097100000| Complete 
| 370|0x0000000097200000, 0x0000000097300000, 0x0000000097300000|100%| E|CS|TAMS 0x0000000097200000| PB 0x0000000097200000| Complete 
| 371|0x0000000097300000, 0x0000000097400000, 0x0000000097400000|100%| E|CS|TAMS 0x0000000097300000| PB 0x0000000097300000| Complete 
| 372|0x0000000097400000, 0x0000000097500000, 0x0000000097500000|100%| E|CS|TAMS 0x0000000097400000| PB 0x0000000097400000| Complete 
| 373|0x0000000097500000, 0x0000000097600000, 0x0000000097600000|100%| E|CS|TAMS 0x0000000097500000| PB 0x0000000097500000| Complete 
| 374|0x0000000097600000, 0x0000000097700000, 0x0000000097700000|100%| E|CS|TAMS 0x0000000097600000| PB 0x0000000097600000| Complete 
| 375|0x0000000097700000, 0x0000000097800000, 0x0000000097800000|100%| E|CS|TAMS 0x0000000097700000| PB 0x0000000097700000| Complete 
| 376|0x0000000097800000, 0x0000000097900000, 0x0000000097900000|100%| E|CS|TAMS 0x0000000097800000| PB 0x0000000097800000| Complete 
| 377|0x0000000097900000, 0x0000000097a00000, 0x0000000097a00000|100%| E|CS|TAMS 0x0000000097900000| PB 0x0000000097900000| Complete 
| 378|0x0000000097a00000, 0x0000000097b00000, 0x0000000097b00000|100%| E|CS|TAMS 0x0000000097a00000| PB 0x0000000097a00000| Complete 
| 379|0x0000000097b00000, 0x0000000097c00000, 0x0000000097c00000|100%| E|CS|TAMS 0x0000000097b00000| PB 0x0000000097b00000| Complete 
| 380|0x0000000097c00000, 0x0000000097d00000, 0x0000000097d00000|100%| E|CS|TAMS 0x0000000097c00000| PB 0x0000000097c00000| Complete 
| 381|0x0000000097d00000, 0x0000000097e00000, 0x0000000097e00000|100%| E|CS|TAMS 0x0000000097d00000| PB 0x0000000097d00000| Complete 
| 382|0x0000000097e00000, 0x0000000097f00000, 0x0000000097f00000|100%| E|CS|TAMS 0x0000000097e00000| PB 0x0000000097e00000| Complete 
| 383|0x0000000097f00000, 0x0000000098000000, 0x0000000098000000|100%| E|CS|TAMS 0x0000000097f00000| PB 0x0000000097f00000| Complete 
| 384|0x0000000098000000, 0x0000000098100000, 0x0000000098100000|100%| E|CS|TAMS 0x0000000098000000| PB 0x0000000098000000| Complete 
| 385|0x0000000098100000, 0x0000000098200000, 0x0000000098200000|100%| E|CS|TAMS 0x0000000098100000| PB 0x0000000098100000| Complete 
| 386|0x0000000098200000, 0x0000000098300000, 0x0000000098300000|100%| E|CS|TAMS 0x0000000098200000| PB 0x0000000098200000| Complete 
| 387|0x0000000098300000, 0x0000000098400000, 0x0000000098400000|100%| E|CS|TAMS 0x0000000098300000| PB 0x0000000098300000| Complete 
| 388|0x0000000098400000, 0x0000000098500000, 0x0000000098500000|100%| E|CS|TAMS 0x0000000098400000| PB 0x0000000098400000| Complete 
| 389|0x0000000098500000, 0x0000000098600000, 0x0000000098600000|100%| E|CS|TAMS 0x0000000098500000| PB 0x0000000098500000| Complete 
| 390|0x0000000098600000, 0x0000000098700000, 0x0000000098700000|100%| E|CS|TAMS 0x0000000098600000| PB 0x0000000098600000| Complete 
| 391|0x0000000098700000, 0x0000000098800000, 0x0000000098800000|100%| E|CS|TAMS 0x0000000098700000| PB 0x0000000098700000| Complete 
| 392|0x0000000098800000, 0x0000000098900000, 0x0000000098900000|100%| E|CS|TAMS 0x0000000098800000| PB 0x0000000098800000| Complete 
| 393|0x0000000098900000, 0x0000000098a00000, 0x0000000098a00000|100%| E|CS|TAMS 0x0000000098900000| PB 0x0000000098900000| Complete 
| 394|0x0000000098a00000, 0x0000000098b00000, 0x0000000098b00000|100%| E|CS|TAMS 0x0000000098a00000| PB 0x0000000098a00000| Complete 
| 395|0x0000000098b00000, 0x0000000098c00000, 0x0000000098c00000|100%| E|CS|TAMS 0x0000000098b00000| PB 0x0000000098b00000| Complete 
| 396|0x0000000098c00000, 0x0000000098d00000, 0x0000000098d00000|100%| E|CS|TAMS 0x0000000098c00000| PB 0x0000000098c00000| Complete 
| 397|0x0000000098d00000, 0x0000000098e00000, 0x0000000098e00000|100%| E|CS|TAMS 0x0000000098d00000| PB 0x0000000098d00000| Complete 
| 398|0x0000000098e00000, 0x0000000098f00000, 0x0000000098f00000|100%| E|CS|TAMS 0x0000000098e00000| PB 0x0000000098e00000| Complete 
| 399|0x0000000098f00000, 0x0000000099000000, 0x0000000099000000|100%| E|CS|TAMS 0x0000000098f00000| PB 0x0000000098f00000| Complete 
| 400|0x0000000099000000, 0x0000000099100000, 0x0000000099100000|100%| E|CS|TAMS 0x0000000099000000| PB 0x0000000099000000| Complete 
| 401|0x0000000099100000, 0x0000000099200000, 0x0000000099200000|100%| E|CS|TAMS 0x0000000099100000| PB 0x0000000099100000| Complete 
| 402|0x0000000099200000, 0x0000000099300000, 0x0000000099300000|100%| E|CS|TAMS 0x0000000099200000| PB 0x0000000099200000| Complete 
| 403|0x0000000099300000, 0x0000000099400000, 0x0000000099400000|100%| E|CS|TAMS 0x0000000099300000| PB 0x0000000099300000| Complete 
| 404|0x0000000099400000, 0x0000000099500000, 0x0000000099500000|100%| E|CS|TAMS 0x0000000099400000| PB 0x0000000099400000| Complete 
| 405|0x0000000099500000, 0x0000000099600000, 0x0000000099600000|100%| E|CS|TAMS 0x0000000099500000| PB 0x0000000099500000| Complete 
| 406|0x0000000099600000, 0x0000000099700000, 0x0000000099700000|100%| E|CS|TAMS 0x0000000099600000| PB 0x0000000099600000| Complete 
| 407|0x0000000099700000, 0x0000000099800000, 0x0000000099800000|100%| E|CS|TAMS 0x0000000099700000| PB 0x0000000099700000| Complete 
|2034|0x00000000ff200000, 0x00000000ff300000, 0x00000000ff300000|100%| E|CS|TAMS 0x00000000ff200000| PB 0x00000000ff200000| Complete 
|2035|0x00000000ff300000, 0x00000000ff400000, 0x00000000ff400000|100%| E|CS|TAMS 0x00000000ff300000| PB 0x00000000ff300000| Complete 
|2036|0x00000000ff400000, 0x00000000ff500000, 0x00000000ff500000|100%| E|CS|TAMS 0x00000000ff400000| PB 0x00000000ff400000| Complete 
|2037|0x00000000ff500000, 0x00000000ff600000, 0x00000000ff600000|100%| O|  |TAMS 0x00000000ff500000| PB 0x00000000ff500000| Untracked 
|2038|0x00000000ff600000, 0x00000000ff700000, 0x00000000ff700000|100%| O|  |TAMS 0x00000000ff600000| PB 0x00000000ff600000| Untracked 
|2039|0x00000000ff700000, 0x00000000ff800000, 0x00000000ff800000|100%| E|CS|TAMS 0x00000000ff700000| PB 0x00000000ff700000| Complete 
|2040|0x00000000ff800000, 0x00000000ff900000, 0x00000000ff900000|100%| O|  |TAMS 0x00000000ff800000| PB 0x00000000ff800000| Untracked 
|2041|0x00000000ff900000, 0x00000000ffa00000, 0x00000000ffa00000|100%| O|  |TAMS 0x00000000ff900000| PB 0x00000000ff900000| Untracked 
|2042|0x00000000ffa00000, 0x00000000ffb00000, 0x00000000ffb00000|100%| O|  |TAMS 0x00000000ffa00000| PB 0x00000000ffa00000| Untracked 
|2043|0x00000000ffb00000, 0x00000000ffc00000, 0x00000000ffc00000|100%| O|  |TAMS 0x00000000ffb00000| PB 0x00000000ffb00000| Untracked 
|2044|0x00000000ffc00000, 0x00000000ffd00000, 0x00000000ffd00000|100%| O|  |TAMS 0x00000000ffc00000| PB 0x00000000ffc00000| Untracked 
|2045|0x00000000ffd00000, 0x00000000ffe00000, 0x00000000ffe00000|100%| O|  |TAMS 0x00000000ffd00000| PB 0x00000000ffd00000| Untracked 
|2046|0x00000000ffe00000, 0x00000000fff00000, 0x00000000fff00000|100%| O|  |TAMS 0x00000000ffe00000| PB 0x00000000ffe00000| Untracked 
|2047|0x00000000fff00000, 0x0000000100000000, 0x0000000100000000|100%| O|  |TAMS 0x00000000fff00000| PB 0x00000000fff00000| Untracked 

Card table byte_map: [0x000001e4e1870000,0x000001e4e1c70000] _byte_map_base: 0x000001e4e1470000

Marking Bits: (CMBitMap*) 0x000001e4c8de6a40
 Bits: [0x000001e4e1c70000, 0x000001e4e3c70000)

Polling page: 0x000001e4c8e50000

Metaspace:

Usage:
  Non-class:    165.53 MB used.
      Class:     24.38 MB used.
       Both:    189.91 MB used.

Virtual space:
  Non-class space:      192.00 MB reserved,     167.06 MB ( 87%) committed,  3 nodes.
      Class space:        1.00 GB reserved,      26.00 MB (  3%) committed,  1 nodes.
             Both:        1.19 GB reserved,     193.06 MB ( 16%) committed. 

Chunk freelists:
   Non-Class:  8.73 MB
       Class:  5.94 MB
        Both:  14.67 MB

MaxMetaspaceSize: unlimited
CompressedClassSpaceSize: 1.00 GB
Initial GC threshold: 21.00 MB
Current GC threshold: 305.00 MB
CDS: on
 - commit_granule_bytes: 65536.
 - commit_granule_words: 8192.
 - virtual_space_node_default_size: 8388608.
 - enlarge_chunks_in_place: 1.
 - use_allocation_guard: 0.


Internal statistics:

num_allocs_failed_limit: 12.
num_arena_births: 5948.
num_arena_deaths: 0.
num_vsnodes_births: 4.
num_vsnodes_deaths: 0.
num_space_committed: 3086.
num_space_uncommitted: 0.
num_chunks_returned_to_freelist: 12.
num_chunks_taken_from_freelist: 14528.
num_chunk_merges: 9.
num_chunk_splits: 9885.
num_chunks_enlarged: 6544.
num_inconsistent_stats: 0.

CodeHeap 'non-profiled nmethods': size=119168Kb used=11790Kb max_used=12374Kb free=107378Kb
 bounds [0x000001e4d9040000, 0x000001e4d9c60000, 0x000001e4e04a0000]
CodeHeap 'profiled nmethods': size=119104Kb used=33870Kb max_used=33870Kb free=85233Kb
 bounds [0x000001e4d14a0000, 0x000001e4d35c0000, 0x000001e4d88f0000]
CodeHeap 'non-nmethods': size=7488Kb used=4968Kb max_used=5008Kb free=2519Kb
 bounds [0x000001e4d88f0000, 0x000001e4d8df0000, 0x000001e4d9040000]
 total_blobs=17217 nmethods=15946 adapters=1170
 compilation: enabled
              stopped_count=0, restarted_count=0
 full_count=0

Compilation events (20 events):
Event: 1075.884 Thread 0x000001e4e6bec2c0 27176       3       org.jetbrains.kotlin.metadata.jvm.JvmModuleProtoBuf$Module::<init> (7 bytes)
Event: 1075.884 Thread 0x000001e4f0288f90 nmethod 27175 0x000001e4d266b790 code [0x000001e4d266b940, 0x000001e4d266bb50]
Event: 1075.885 Thread 0x000001e4e6bec2c0 nmethod 27176 0x000001e4d2a75890 code [0x000001e4d2a75a40, 0x000001e4d2a75b78]
Event: 1075.885 Thread 0x000001e4f0288f90 27177       3       org.jetbrains.kotlin.load.kotlin.JvmPackagePartProviderBase$ModuleMappingInfo::<init> (32 bytes)
Event: 1075.885 Thread 0x000001e4f028e150 nmethod 27167 0x000001e4d3543c10 code [0x000001e4d3544200, 0x000001e4d3546fc8]
Event: 1075.885 Thread 0x000001e4e6bec2c0 27178       3       org.jetbrains.kotlin.metadata.ProtoBuf$StringTable$1::parsePartialFrom (7 bytes)
Event: 1075.885 Thread 0x000001e4f3199470 27184   !   3       org.jetbrains.kotlin.metadata.ProtoBuf$QualifiedNameTable::<init> (315 bytes)
Event: 1075.886 Thread 0x000001e4e6bec2c0 nmethod 27178 0x000001e4d2d3d090 code [0x000001e4d2d3d240, 0x000001e4d2d3d378]
Event: 1075.886 Thread 0x000001e4f0288f90 nmethod 27177 0x000001e4d3548210 code [0x000001e4d35484a0, 0x000001e4d3549000]
Event: 1075.886 Thread 0x000001e4e6bec2c0 27179       3       org.jetbrains.kotlin.metadata.ProtoBuf$StringTable$1::parsePartialFrom (11 bytes)
Event: 1075.886 Thread 0x000001e4e6bec2c0 nmethod 27179 0x000001e4d3549410 code [0x000001e4d35495c0, 0x000001e4d35497c0]
Event: 1075.886 Thread 0x000001e4f0288f90 27180       3       org.jetbrains.kotlin.metadata.ProtoBuf$StringTable::<init> (7 bytes)
Event: 1075.887 Thread 0x000001e4e6bec2c0 27181       3       org.jetbrains.kotlin.metadata.ProtoBuf$QualifiedNameTable$1::parsePartialFrom (7 bytes)
Event: 1075.887 Thread 0x000001e4f028e150 27182       3       org.jetbrains.kotlin.metadata.ProtoBuf$QualifiedNameTable$1::parsePartialFrom (11 bytes)
Event: 1075.887 Thread 0x000001e4f0288f90 nmethod 27180 0x000001e4d2f40590 code [0x000001e4d2f40740, 0x000001e4d2f40878]
Event: 1075.887 Thread 0x000001e4e6bec2c0 nmethod 27181 0x000001e4d3549910 code [0x000001e4d3549ac0, 0x000001e4d3549bf8]
Event: 1075.887 Thread 0x000001e4f0288f90 27183       3       org.jetbrains.kotlin.metadata.ProtoBuf$QualifiedNameTable::<init> (7 bytes)
Event: 1075.887 Thread 0x000001e4f028e150 nmethod 27182 0x000001e4d3549c90 code [0x000001e4d3549e40, 0x000001e4d354a040]
Event: 1075.887 Thread 0x000001e4f0288f90 nmethod 27183 0x000001e4d354a190 code [0x000001e4d354a340, 0x000001e4d354a478]
Event: 1075.888 Thread 0x000001e4f3199470 nmethod 27184 0x000001e4d354a510 code [0x000001e4d354a9a0, 0x000001e4d354d0a8]

GC Heap History (20 events):
Event: 790.529 GC heap before
{Heap before GC invocations=55 (full 0):
 garbage-first heap   total 331776K, used 303629K [0x0000000080000000, 0x0000000100000000)
  region size 1024K, 110 young (112640K), 9 survivors (9216K)
 Metaspace       used 124119K, committed 126848K, reserved 1179648K
  class space    used 16736K, committed 18176K, reserved 1048576K
}
Event: 790.535 GC heap after
{Heap after GC invocations=56 (full 0):
 garbage-first heap   total 331776K, used 208031K [0x0000000080000000, 0x0000000100000000)
  region size 1024K, 14 young (14336K), 14 survivors (14336K)
 Metaspace       used 124119K, committed 126848K, reserved 1179648K
  class space    used 16736K, committed 18176K, reserved 1048576K
}
Event: 798.351 GC heap before
{Heap before GC invocations=56 (full 0):
 garbage-first heap   total 331776K, used 298143K [0x0000000080000000, 0x0000000100000000)
  region size 1024K, 102 young (104448K), 14 survivors (14336K)
 Metaspace       used 127577K, committed 130432K, reserved 1179648K
  class space    used 17164K, committed 18624K, reserved 1048576K
}
Event: 798.360 GC heap after
{Heap after GC invocations=57 (full 0):
 garbage-first heap   total 331776K, used 211397K [0x0000000080000000, 0x0000000100000000)
  region size 1024K, 6 young (6144K), 6 survivors (6144K)
 Metaspace       used 127577K, committed 130432K, reserved 1179648K
  class space    used 17164K, committed 18624K, reserved 1048576K
}
Event: 799.199 GC heap before
{Heap before GC invocations=57 (full 0):
 garbage-first heap   total 331776K, used 307653K [0x0000000080000000, 0x0000000100000000)
  region size 1024K, 100 young (102400K), 6 survivors (6144K)
 Metaspace       used 128578K, committed 131328K, reserved 1179648K
  class space    used 17264K, committed 18688K, reserved 1048576K
}
Event: 799.205 GC heap after
{Heap after GC invocations=58 (full 0):
 garbage-first heap   total 331776K, used 221551K [0x0000000080000000, 0x0000000100000000)
  region size 1024K, 13 young (13312K), 13 survivors (13312K)
 Metaspace       used 128578K, committed 131328K, reserved 1179648K
  class space    used 17264K, committed 18688K, reserved 1048576K
}
Event: 799.743 GC heap before
{Heap before GC invocations=59 (full 0):
 garbage-first heap   total 370688K, used 297327K [0x0000000080000000, 0x0000000100000000)
  region size 1024K, 88 young (90112K), 13 survivors (13312K)
 Metaspace       used 128768K, committed 131584K, reserved 1179648K
  class space    used 17267K, committed 18752K, reserved 1048576K
}
Event: 799.750 GC heap after
{Heap after GC invocations=60 (full 0):
 garbage-first heap   total 370688K, used 228712K [0x0000000080000000, 0x0000000100000000)
  region size 1024K, 7 young (7168K), 7 survivors (7168K)
 Metaspace       used 128768K, committed 131584K, reserved 1179648K
  class space    used 17267K, committed 18752K, reserved 1048576K
}
Event: 1071.294 GC heap before
{Heap before GC invocations=60 (full 0):
 garbage-first heap   total 370688K, used 342376K [0x0000000080000000, 0x0000000100000000)
  region size 1024K, 119 young (121856K), 7 survivors (7168K)
 Metaspace       used 139027K, committed 141824K, reserved 1179648K
  class space    used 18377K, committed 19840K, reserved 1048576K
}
Event: 1071.310 GC heap after
{Heap after GC invocations=61 (full 0):
 garbage-first heap   total 370688K, used 232756K [0x0000000080000000, 0x0000000100000000)
  region size 1024K, 12 young (12288K), 12 survivors (12288K)
 Metaspace       used 139027K, committed 141824K, reserved 1179648K
  class space    used 18377K, committed 19840K, reserved 1048576K
}
Event: 1072.191 GC heap before
{Heap before GC invocations=61 (full 0):
 garbage-first heap   total 370688K, used 314676K [0x0000000080000000, 0x0000000100000000)
  region size 1024K, 93 young (95232K), 12 survivors (12288K)
 Metaspace       used 152665K, committed 155520K, reserved 1245184K
  class space    used 20506K, committed 21952K, reserved 1048576K
}
Event: 1072.197 GC heap after
{Heap after GC invocations=62 (full 0):
 garbage-first heap   total 370688K, used 235237K [0x0000000080000000, 0x0000000100000000)
  region size 1024K, 10 young (10240K), 10 survivors (10240K)
 Metaspace       used 152665K, committed 155520K, reserved 1245184K
  class space    used 20506K, committed 21952K, reserved 1048576K
}
Event: 1072.956 GC heap before
{Heap before GC invocations=63 (full 0):
 garbage-first heap   total 404480K, used 351973K [0x0000000080000000, 0x0000000100000000)
  region size 1024K, 111 young (113664K), 10 survivors (10240K)
 Metaspace       used 160676K, committed 163520K, reserved 1245184K
  class space    used 21332K, committed 22784K, reserved 1048576K
}
Event: 1072.966 GC heap after
{Heap after GC invocations=64 (full 0):
 garbage-first heap   total 404480K, used 255634K [0x0000000080000000, 0x0000000100000000)
  region size 1024K, 14 young (14336K), 14 survivors (14336K)
 Metaspace       used 160676K, committed 163520K, reserved 1245184K
  class space    used 21332K, committed 22784K, reserved 1048576K
}
Event: 1073.805 GC heap before
{Heap before GC invocations=64 (full 0):
 garbage-first heap   total 404480K, used 369298K [0x0000000080000000, 0x0000000100000000)
  region size 1024K, 124 young (126976K), 14 survivors (14336K)
 Metaspace       used 174075K, committed 177280K, reserved 1245184K
  class space    used 22901K, committed 24576K, reserved 1048576K
}
Event: 1073.814 GC heap after
{Heap after GC invocations=65 (full 0):
 garbage-first heap   total 404480K, used 253349K [0x0000000080000000, 0x0000000100000000)
  region size 1024K, 9 young (9216K), 9 survivors (9216K)
 Metaspace       used 174075K, committed 177280K, reserved 1245184K
  class space    used 22901K, committed 24576K, reserved 1048576K
}
Event: 1074.731 GC heap before
{Heap before GC invocations=65 (full 0):
 garbage-first heap   total 404480K, used 368037K [0x0000000080000000, 0x0000000100000000)
  region size 1024K, 121 young (123904K), 9 survivors (9216K)
 Metaspace       used 183756K, committed 186944K, reserved 1245184K
  class space    used 23935K, committed 25600K, reserved 1048576K
}
Event: 1074.739 GC heap after
{Heap after GC invocations=66 (full 0):
 garbage-first heap   total 404480K, used 258407K [0x0000000080000000, 0x0000000100000000)
  region size 1024K, 14 young (14336K), 14 survivors (14336K)
 Metaspace       used 183756K, committed 186944K, reserved 1245184K
  class space    used 23935K, committed 25600K, reserved 1048576K
}
Event: 1075.696 GC heap before
{Heap before GC invocations=67 (full 0):
 garbage-first heap   total 432128K, used 366951K [0x0000000080000000, 0x0000000100000000)
  region size 1024K, 120 young (122880K), 14 survivors (14336K)
 Metaspace       used 194282K, committed 197504K, reserved 1245184K
  class space    used 24968K, committed 26624K, reserved 1048576K
}
Event: 1075.702 GC heap after
{Heap after GC invocations=68 (full 0):
 garbage-first heap   total 432128K, used 266313K [0x0000000080000000, 0x0000000100000000)
  region size 1024K, 15 young (15360K), 15 survivors (15360K)
 Metaspace       used 194282K, committed 197504K, reserved 1245184K
  class space    used 24968K, committed 26624K, reserved 1048576K
}

Dll operation events (17 events):
Event: 0.008 Loaded shared library C:\Users\maria\AppData\Local\Programs\Eclipse Adoptium\jdk-21.0.5.11-hotspot\bin\java.dll
Event: 0.028 Loaded shared library C:\Users\maria\AppData\Local\Programs\Eclipse Adoptium\jdk-21.0.5.11-hotspot\bin\jsvml.dll
Event: 0.049 Loaded shared library C:\Users\maria\AppData\Local\Programs\Eclipse Adoptium\jdk-21.0.5.11-hotspot\bin\zip.dll
Event: 0.052 Loaded shared library C:\Users\maria\AppData\Local\Programs\Eclipse Adoptium\jdk-21.0.5.11-hotspot\bin\instrument.dll
Event: 0.054 Loaded shared library C:\Users\maria\AppData\Local\Programs\Eclipse Adoptium\jdk-21.0.5.11-hotspot\bin\net.dll
Event: 0.055 Loaded shared library C:\Users\maria\AppData\Local\Programs\Eclipse Adoptium\jdk-21.0.5.11-hotspot\bin\nio.dll
Event: 0.056 Loaded shared library C:\Users\maria\AppData\Local\Programs\Eclipse Adoptium\jdk-21.0.5.11-hotspot\bin\zip.dll
Event: 0.172 Loaded shared library C:\Users\maria\AppData\Local\Programs\Eclipse Adoptium\jdk-21.0.5.11-hotspot\bin\jimage.dll
Event: 0.303 Loaded shared library C:\Users\maria\AppData\Local\Programs\Eclipse Adoptium\jdk-21.0.5.11-hotspot\bin\verify.dll
Event: 0.406 Loaded shared library C:\Users\maria\.gradle\native\c067742578af261105cb4f569cf0c3c89f3d7b1fecec35dd04571415982c5e48\windows-amd64\native-platform.dll
Event: 0.422 Loaded shared library C:\Users\maria\.gradle\native\100fb08df4bc3b14c8652ba06237920a3bd2aa13389f12d3474272988ae205f9\windows-amd64\native-platform-file-events.dll
Event: 0.952 Loaded shared library C:\Users\maria\AppData\Local\Programs\Eclipse Adoptium\jdk-21.0.5.11-hotspot\bin\management.dll
Event: 0.954 Loaded shared library C:\Users\maria\AppData\Local\Programs\Eclipse Adoptium\jdk-21.0.5.11-hotspot\bin\management_ext.dll
Event: 1.060 Loaded shared library C:\Users\maria\AppData\Local\Programs\Eclipse Adoptium\jdk-21.0.5.11-hotspot\bin\extnet.dll
Event: 1.149 Loaded shared library C:\Users\maria\AppData\Local\Programs\Eclipse Adoptium\jdk-21.0.5.11-hotspot\bin\sunmscapi.dll
Event: 11.452 Loaded shared library C:\Users\maria\AppData\Local\Temp\native-platform1234524348235993389dir\native-platform.dll
Event: 11.815 Loaded shared library C:\Users\maria\AppData\Local\Programs\Eclipse Adoptium\jdk-21.0.5.11-hotspot\bin\rmi.dll

Deoptimization events (20 events):
Event: 1075.837 Thread 0x000001e4ec856a80 Uncommon trap: trap_request=0xffffffc6 fr.pc=0x000001e4d9931848 relative=0x0000000000000948
Event: 1075.837 Thread 0x000001e4ec856a80 Uncommon trap: reason=bimorphic_or_optimized_type_check action=maybe_recompile pc=0x000001e4d9931848 method=org.jetbrains.kotlin.storage.LockBasedStorageManager$MapBasedMemoizedFunction.invoke(Ljava/lang/Object;)Ljava/lang/Object; @ 34 c2
Event: 1075.837 Thread 0x000001e4ec856a80 DEOPT PACKING pc=0x000001e4d9931848 sp=0x0000003db01f63a0
Event: 1075.837 Thread 0x000001e4ec856a80 DEOPT UNPACKING pc=0x000001e4d89446a2 sp=0x0000003db01f6360 mode 2
Event: 1075.838 Thread 0x000001e4ec856a80 Uncommon trap: trap_request=0xffffffc6 fr.pc=0x000001e4d9931848 relative=0x0000000000000948
Event: 1075.838 Thread 0x000001e4ec856a80 Uncommon trap: reason=bimorphic_or_optimized_type_check action=maybe_recompile pc=0x000001e4d9931848 method=org.jetbrains.kotlin.storage.LockBasedStorageManager$MapBasedMemoizedFunction.invoke(Ljava/lang/Object;)Ljava/lang/Object; @ 34 c2
Event: 1075.838 Thread 0x000001e4ec856a80 DEOPT PACKING pc=0x000001e4d9931848 sp=0x0000003db01f63a0
Event: 1075.838 Thread 0x000001e4ec856a80 DEOPT UNPACKING pc=0x000001e4d89446a2 sp=0x0000003db01f6360 mode 2
Event: 1075.845 Thread 0x000001e4ec856a80 Uncommon trap: trap_request=0xffffffde fr.pc=0x000001e4d9c24e5c relative=0x000000000000369c
Event: 1075.845 Thread 0x000001e4ec856a80 Uncommon trap: reason=class_check action=maybe_recompile pc=0x000001e4d9c24e5c method=org.jetbrains.kotlin.metadata.ProtoBuf$TypeParameter.writeTo(Lorg/jetbrains/kotlin/protobuf/CodedOutputStream;)V @ 134 c2
Event: 1075.845 Thread 0x000001e4ec856a80 DEOPT PACKING pc=0x000001e4d9c24e5c sp=0x0000003db01f59b0
Event: 1075.845 Thread 0x000001e4ec856a80 DEOPT UNPACKING pc=0x000001e4d89446a2 sp=0x0000003db01f5870 mode 2
Event: 1075.845 Thread 0x000001e4ec856a80 Uncommon trap: trap_request=0xffffffde fr.pc=0x000001e4d9c24e5c relative=0x000000000000369c
Event: 1075.845 Thread 0x000001e4ec856a80 Uncommon trap: reason=class_check action=maybe_recompile pc=0x000001e4d9c24e5c method=org.jetbrains.kotlin.metadata.ProtoBuf$TypeParameter.writeTo(Lorg/jetbrains/kotlin/protobuf/CodedOutputStream;)V @ 134 c2
Event: 1075.845 Thread 0x000001e4ec856a80 DEOPT PACKING pc=0x000001e4d9c24e5c sp=0x0000003db01f59b0
Event: 1075.845 Thread 0x000001e4ec856a80 DEOPT UNPACKING pc=0x000001e4d89446a2 sp=0x0000003db01f5870 mode 2
Event: 1075.845 Thread 0x000001e4ec856a80 Uncommon trap: trap_request=0xffffff45 fr.pc=0x000001e4d9c24a98 relative=0x00000000000032d8
Event: 1075.845 Thread 0x000001e4ec856a80 Uncommon trap: reason=unstable_if action=reinterpret pc=0x000001e4d9c24a98 method=org.jetbrains.kotlin.metadata.ProtoBuf$Function.writeTo(Lorg/jetbrains/kotlin/protobuf/CodedOutputStream;)V @ 200 c2
Event: 1075.845 Thread 0x000001e4ec856a80 DEOPT PACKING pc=0x000001e4d9c24a98 sp=0x0000003db01f59b0
Event: 1075.845 Thread 0x000001e4ec856a80 DEOPT UNPACKING pc=0x000001e4d89446a2 sp=0x0000003db01f59b8 mode 2

Classes loaded (20 events):
Event: 1072.178 Loading class sun/nio/ch/Util$4
Event: 1072.178 Loading class sun/nio/ch/Util$4 done
Event: 1072.180 Loading class java/io/UTFDataFormatException
Event: 1072.180 Loading class java/io/UTFDataFormatException done
Event: 1072.207 Loading class java/util/zip/ZipFile$ZipEntryIterator
Event: 1072.208 Loading class java/util/zip/ZipFile$ZipEntryIterator done
Event: 1072.354 Loading class java/nio/channels/NonWritableChannelException
Event: 1072.354 Loading class java/nio/channels/NonWritableChannelException done
Event: 1073.340 Loading class java/text/StringCharacterIterator
Event: 1073.341 Loading class java/text/CharacterIterator
Event: 1073.341 Loading class java/text/CharacterIterator done
Event: 1073.341 Loading class java/text/StringCharacterIterator done
Event: 1073.540 Loading class java/util/AbstractList$RandomAccessSubList
Event: 1073.540 Loading class java/util/AbstractList$SubList
Event: 1073.541 Loading class java/util/AbstractList$SubList done
Event: 1073.541 Loading class java/util/AbstractList$RandomAccessSubList done
Event: 1073.680 Loading class java/util/AbstractList$SubList$1
Event: 1073.680 Loading class java/util/AbstractList$SubList$1 done
Event: 1075.355 Loading class java/util/Vector$Itr
Event: 1075.355 Loading class java/util/Vector$Itr done

Classes unloaded (0 events):
No events

Classes redefined (0 events):
No events

Internal exceptions (20 events):
Event: 1071.827 Thread 0x000001e4ec856a80 Exception <a 'java/lang/NoSuchMethodError'{0x0000000093617e98}: 'int java.lang.invoke.DelegatingMethodHandle$Holder.reinvoke_L(java.lang.Object, java.lang.Object, java.lang.Object, long, int)'> (0x0000000093617e98) 
thrown [s\src\hotspot\share\interpreter\linkResolver.cpp, line 773]
Event: 1072.156 Thread 0x000001e4ec856a80 Exception <a 'java/lang/NoSuchMethodError'{0x000000009121d150}: 'java.lang.Object java.lang.invoke.Invokers$Holder.invokeExact_MT(java.lang.Object, java.lang.Object, long, java.lang.Object)'> (0x000000009121d150) 
thrown [s\src\hotspot\share\interpreter\linkResolver.cpp, line 773]
Event: 1072.178 Thread 0x000001e4ec856a80 Exception <a 'java/lang/NoSuchMethodError'{0x0000000091067fd0}: 'long java.lang.invoke.DirectMethodHandle$Holder.invokeStatic(java.lang.Object, java.lang.Object, int)'> (0x0000000091067fd0) 
thrown [s\src\hotspot\share\interpreter\linkResolver.cpp, line 773]
Event: 1072.178 Thread 0x000001e4ec856a80 Exception <a 'java/lang/NoSuchMethodError'{0x0000000091073980}: 'java.lang.Object java.lang.invoke.DelegatingMethodHandle$Holder.reinvoke_L(java.lang.Object, int, long, java.lang.Object, java.lang.Object, int, java.lang.Object)'> (0x0000000091073980) 
thrown [s\src\hotspot\share\interpreter\linkResolver.cpp, line 773]
Event: 1072.208 Thread 0x000001e4ec856a80 Implicit null exception at 0x000001e4d9bae8a7 to 0x000001e4d9baf7c8
Event: 1072.330 Thread 0x000001e4ec856a80 Implicit null exception at 0x000001e4d91ce527 to 0x000001e4d91ceba4
Event: 1072.340 Thread 0x000001e4ec856a80 Implicit null exception at 0x000001e4d96ea7c0 to 0x000001e4d96ec99c
Event: 1073.104 Thread 0x000001e4ec856a80 Exception <a 'java/lang/NoSuchMethodError'{0x0000000096e51ef0}: 'java.lang.Object java.lang.invoke.DirectMethodHandle$Holder.newInvokeSpecial(java.lang.Object, java.lang.Object, java.lang.Object, java.lang.Object, java.lang.Object, java.lang.Object, java.lang.Object, java.lang.Object, java.lang.Object, java.lang.Object, java.lang.Object, java.lang.Object, java.lang.Object, java.lang.Object, java.lang.Object, java.lang.Object, java.lang.Object, java.lang.Object, java.lang.Object, java.lang.Object, java.lang
Event: 1073.117 Thread 0x000001e4ec856a80 Exception <a 'java/lang/NoSuchMethodError'{0x0000000096c3d010}: 'java.lang.Object java.lang.invoke.DirectMethodHandle$Holder.newInvokeSpecial(java.lang.Object, java.lang.Object, java.lang.Object, java.lang.Object, java.lang.Object, java.lang.Object, java.lang.Object, java.lang.Object, java.lang.Object, java.lang.Object, java.lang.Object, java.lang.Object, java.lang.Object, java.lang.Object, java.lang.Object, java.lang.Object, java.lang.Object, java.lang.Object, java.lang.Object, java.lang.Object)'> (0x0000
Event: 1073.117 Thread 0x000001e4ec856a80 Exception <a 'java/lang/NoSuchMethodError'{0x0000000096c44720}: 'java.lang.Object java.lang.invoke.DirectMethodHandle$Holder.invokeSpecial(java.lang.Object, java.lang.Object, java.lang.Object, java.lang.Object, java.lang.Object, java.lang.Object, java.lang.Object, java.lang.Object, java.lang.Object, java.lang.Object, java.lang.Object, java.lang.Object, java.lang.Object, java.lang.Object, java.lang.Object, java.lang.Object, java.lang.Object, java.lang.Object, java.lang.Object, java.lang.Object, java.lang.Ob
Event: 1073.117 Thread 0x000001e4ec856a80 Exception <a 'java/lang/NoSuchMethodError'{0x0000000096c4ac30}: 'java.lang.Object java.lang.invoke.DelegatingMethodHandle$Holder.reinvoke_L(java.lang.Object, java.lang.Object, java.lang.Object, java.lang.Object, java.lang.Object, java.lang.Object, java.lang.Object, java.lang.Object, java.lang.Object, java.lang.Object, java.lang.Object, java.lang.Object, java.lang.Object, java.lang.Object, java.lang.Object, java.lang.Object, java.lang.Object, java.lang.Object, java.lang.Object, java.lang.Object)'> (0x000000
Event: 1073.471 Thread 0x000001e4ec856a80 Exception <a 'java/lang/NoSuchMethodError'{0x00000000940e2bc8}: 'int java.lang.invoke.DirectMethodHandle$Holder.invokeSpecial(java.lang.Object, java.lang.Object, int, int)'> (0x00000000940e2bc8) 
thrown [s\src\hotspot\share\interpreter\linkResolver.cpp, line 773]
Event: 1074.560 Thread 0x000001e4ec856a80 Exception <a 'java/lang/NoSuchMethodError'{0x00000000924f7788}: 'java.lang.Object java.lang.invoke.DirectMethodHandle$Holder.newInvokeSpecial(java.lang.Object, java.lang.Object, java.lang.Object, int, int, java.lang.Object, java.lang.Object)'> (0x00000000924f7788) 
thrown [s\src\hotspot\share\interpreter\linkResolver.cpp, line 773]
Event: 1075.404 Thread 0x000001e4ec856a80 Exception <a 'sun/nio/fs/WindowsException'{0x0000000095a5e5e8}> (0x0000000095a5e5e8) 
thrown [s\src\hotspot\share\prims\jni.cpp, line 520]
Event: 1075.404 Thread 0x000001e4ec856a80 Exception <a 'sun/nio/fs/WindowsException'{0x0000000095a5fff0}> (0x0000000095a5fff0) 
thrown [s\src\hotspot\share\prims\jni.cpp, line 520]
Event: 1075.414 Thread 0x000001e4ec856a80 Exception <a 'sun/nio/fs/WindowsException'{0x000000009595f4c0}> (0x000000009595f4c0) 
thrown [s\src\hotspot\share\prims\jni.cpp, line 520]
Event: 1075.416 Thread 0x000001e4ec856a80 Exception <a 'sun/nio/fs/WindowsException'{0x0000000095968038}> (0x0000000095968038) 
thrown [s\src\hotspot\share\prims\jni.cpp, line 520]
Event: 1075.419 Thread 0x000001e4ec856a80 Exception <a 'sun/nio/fs/WindowsException'{0x0000000095978f68}> (0x0000000095978f68) 
thrown [s\src\hotspot\share\prims\jni.cpp, line 520]
Event: 1075.663 Thread 0x000001e4ec856a80 Exception <a 'sun/nio/fs/WindowsException'{0x0000000093c31870}> (0x0000000093c31870) 
thrown [s\src\hotspot\share\prims\jni.cpp, line 520]
Event: 1075.663 Thread 0x000001e4ec856a80 Exception <a 'sun/nio/fs/WindowsException'{0x0000000093c33468}> (0x0000000093c33468) 
thrown [s\src\hotspot\share\prims\jni.cpp, line 520]

ZGC Phase Switch (0 events):
No events

VM Operations (20 events):
Event: 1074.814 Executing VM operation: HandshakeAllThreads (Deoptimize)
Event: 1074.814 Executing VM operation: HandshakeAllThreads (Deoptimize) done
Event: 1074.820 Executing VM operation: G1PauseCleanup
Event: 1074.821 Executing VM operation: G1PauseCleanup done
Event: 1075.017 Executing VM operation: HandshakeAllThreads (Deoptimize)
Event: 1075.017 Executing VM operation: HandshakeAllThreads (Deoptimize) done
Event: 1075.173 Executing VM operation: HandshakeAllThreads (Deoptimize)
Event: 1075.173 Executing VM operation: HandshakeAllThreads (Deoptimize) done
Event: 1075.210 Executing VM operation: HandshakeAllThreads (Deoptimize)
Event: 1075.214 Executing VM operation: HandshakeAllThreads (Deoptimize) done
Event: 1075.294 Executing VM operation: HandshakeAllThreads (Deoptimize)
Event: 1075.294 Executing VM operation: HandshakeAllThreads (Deoptimize) done
Event: 1075.295 Executing VM operation: ICBufferFull
Event: 1075.295 Executing VM operation: ICBufferFull done
Event: 1075.591 Executing VM operation: ICBufferFull
Event: 1075.592 Executing VM operation: ICBufferFull done
Event: 1075.592 Executing VM operation: ICBufferFull
Event: 1075.592 Executing VM operation: ICBufferFull done
Event: 1075.696 Executing VM operation: G1CollectForAllocation (G1 Evacuation Pause)
Event: 1075.702 Executing VM operation: G1CollectForAllocation (G1 Evacuation Pause) done

Memory protections (0 events):
No events

Nmethod flushes (20 events):
Event: 1074.787 Thread 0x000001e4e6bca4b0 flushing  nmethod 0x000001e4d18fd090
Event: 1074.787 Thread 0x000001e4e6bca4b0 flushing  nmethod 0x000001e4d2196e90
Event: 1074.787 Thread 0x000001e4e6bca4b0 flushing  nmethod 0x000001e4d21baa90
Event: 1074.787 Thread 0x000001e4e6bca4b0 flushing  nmethod 0x000001e4d21d8090
Event: 1074.787 Thread 0x000001e4e6bca4b0 flushing  nmethod 0x000001e4d27d1c90
Event: 1074.787 Thread 0x000001e4e6bca4b0 flushing  nmethod 0x000001e4d282a910
Event: 1074.787 Thread 0x000001e4e6bca4b0 flushing  nmethod 0x000001e4d2cbaf10
Event: 1074.787 Thread 0x000001e4e6bca4b0 flushing  nmethod 0x000001e4d2cbc010
Event: 1074.787 Thread 0x000001e4e6bca4b0 flushing  nmethod 0x000001e4d2cbd910
Event: 1074.787 Thread 0x000001e4e6bca4b0 flushing  nmethod 0x000001e4d2cc9190
Event: 1074.787 Thread 0x000001e4e6bca4b0 flushing  nmethod 0x000001e4d2ccad10
Event: 1074.787 Thread 0x000001e4e6bca4b0 flushing  nmethod 0x000001e4d2e95910
Event: 1074.787 Thread 0x000001e4e6bca4b0 flushing  nmethod 0x000001e4d2ed6510
Event: 1074.787 Thread 0x000001e4e6bca4b0 flushing  nmethod 0x000001e4d2f0a910
Event: 1074.787 Thread 0x000001e4e6bca4b0 flushing  nmethod 0x000001e4d2f40590
Event: 1074.787 Thread 0x000001e4e6bca4b0 flushing  nmethod 0x000001e4d2f41610
Event: 1074.787 Thread 0x000001e4e6bca4b0 flushing  nmethod 0x000001e4d2f45990
Event: 1074.787 Thread 0x000001e4e6bca4b0 flushing  nmethod 0x000001e4d2f53c10
Event: 1074.787 Thread 0x000001e4e6bca4b0 flushing  nmethod 0x000001e4d2f55f10
Event: 1074.787 Thread 0x000001e4e6bca4b0 flushing  nmethod 0x000001e4d2f8f790

Events (20 events):
Event: 1075.593 Thread 0x000001e4ec856a80 Thread added: 0x000001e4ef7ec590
Event: 1075.593 Thread 0x000001e4ec856a80 Thread added: 0x000001e4ef7e9e30
Event: 1075.593 Thread 0x000001e4ec856a80 Thread added: 0x000001e4f11105b0
Event: 1075.593 Thread 0x000001e4ec856a80 Thread added: 0x000001e4f110eb70
Event: 1075.617 Thread 0x000001e4f3199470 Thread added: 0x000001e4fb5a8f90
Event: 1075.622 Thread 0x000001e4ec856a80 Thread added: 0x000001e4f1110c40
Event: 1075.622 Thread 0x000001e4ec856a80 Thread added: 0x000001e4f11112d0
Event: 1075.623 Thread 0x000001e4ec856a80 Thread added: 0x000001e4f110e4e0
Event: 1075.623 Thread 0x000001e4ec856a80 Thread added: 0x000001e4f1111ff0
Event: 1075.623 Thread 0x000001e4ec856a80 Thread added: 0x000001e4f110f200
Event: 1075.624 Thread 0x000001e4ec856a80 Thread added: 0x000001e4ed5e3830
Event: 1075.624 Thread 0x000001e4ec856a80 Thread added: 0x000001e4ed5e31a0
Event: 1075.624 Thread 0x000001e4ec856a80 Thread added: 0x000001e4ed5e4be0
Event: 1075.624 Thread 0x000001e4ec856a80 Thread added: 0x000001e4ed5e6620
Event: 1075.625 Thread 0x000001e4ec856a80 Thread added: 0x000001e4ed5e3ec0
Event: 1075.625 Thread 0x000001e4ec856a80 Thread added: 0x000001e4ec85c660
Event: 1075.626 Thread 0x000001e4ec856a80 Thread added: 0x000001e4fac70f60
Event: 1075.627 Thread 0x000001e4ec856a80 Thread added: 0x000001e4fac6f520
Event: 1075.627 Thread 0x000001e4ec856a80 Thread added: 0x000001e4fac6fbb0
Event: 1075.627 Thread 0x000001e4ec856a80 Thread added: 0x000001e4fac715f0


Dynamic libraries:
0x00007ff65aee0000 - 0x00007ff65aeee000 	C:\Users\maria\AppData\Local\Programs\Eclipse Adoptium\jdk-21.0.5.11-hotspot\bin\java.exe
0x00007ffb3ac40000 - 0x00007ffb3aea0000 	C:\Windows\SYSTEM32\ntdll.dll
0x00007ffb399e0000 - 0x00007ffb39aa7000 	C:\Windows\System32\KERNEL32.DLL
0x00007ffb38670000 - 0x00007ffb38a3a000 	C:\Windows\System32\KERNELBASE.dll
0x00007ffb38520000 - 0x00007ffb3866b000 	C:\Windows\System32\ucrtbase.dll
0x00007ffb1f840000 - 0x00007ffb1f85e000 	C:\Users\maria\AppData\Local\Programs\Eclipse Adoptium\jdk-21.0.5.11-hotspot\bin\VCRUNTIME140.dll
0x00007ffafe9b0000 - 0x00007ffafe9c8000 	C:\Users\maria\AppData\Local\Programs\Eclipse Adoptium\jdk-21.0.5.11-hotspot\bin\jli.dll
0x00007ffb3a6a0000 - 0x00007ffb3a86c000 	C:\Windows\System32\USER32.dll
0x00007ffb16d40000 - 0x00007ffb16fd7000 	C:\Windows\WinSxS\amd64_microsoft.windows.common-controls_6595b64144ccf1df_6.0.26100.3624_none_3e086962e3345f24\COMCTL32.dll
0x00007ffb380d0000 - 0x00007ffb380f7000 	C:\Windows\System32\win32u.dll
0x00007ffb38a40000 - 0x00007ffb38ae9000 	C:\Windows\System32\msvcrt.dll
0x00007ffb3a5e0000 - 0x00007ffb3a60a000 	C:\Windows\System32\GDI32.dll
0x00007ffb38100000 - 0x00007ffb38231000 	C:\Windows\System32\gdi32full.dll
0x00007ffb38470000 - 0x00007ffb38513000 	C:\Windows\System32\msvcp_win.dll
0x00007ffb3aae0000 - 0x00007ffb3ab0f000 	C:\Windows\System32\IMM32.DLL
0x00007ffb21bb0000 - 0x00007ffb21bbc000 	C:\Users\maria\AppData\Local\Programs\Eclipse Adoptium\jdk-21.0.5.11-hotspot\bin\vcruntime140_1.dll
0x00007ffaf6430000 - 0x00007ffaf64bd000 	C:\Users\maria\AppData\Local\Programs\Eclipse Adoptium\jdk-21.0.5.11-hotspot\bin\msvcp140.dll
0x00007ffa632d0000 - 0x00007ffa6405f000 	C:\Users\maria\AppData\Local\Programs\Eclipse Adoptium\jdk-21.0.5.11-hotspot\bin\server\jvm.dll
0x00007ffb38b00000 - 0x00007ffb38bb2000 	C:\Windows\System32\ADVAPI32.dll
0x00007ffb38cc0000 - 0x00007ffb38d66000 	C:\Windows\System32\sechost.dll
0x00007ffb39ae0000 - 0x00007ffb39bf6000 	C:\Windows\System32\RPCRT4.dll
0x00007ffb39710000 - 0x00007ffb39784000 	C:\Windows\System32\WS2_32.dll
0x00007ffb36a90000 - 0x00007ffb36aee000 	C:\Windows\SYSTEM32\POWRPROF.dll
0x00007ffb2f410000 - 0x00007ffb2f41b000 	C:\Windows\SYSTEM32\VERSION.dll
0x00007ffb31ec0000 - 0x00007ffb31ef6000 	C:\Windows\SYSTEM32\WINMM.dll
0x00007ffb36a70000 - 0x00007ffb36a84000 	C:\Windows\SYSTEM32\UMPDC.dll
0x00007ffb36d50000 - 0x00007ffb36d6a000 	C:\Windows\SYSTEM32\kernel.appcore.dll
0x00007ffb21a50000 - 0x00007ffb21a5a000 	C:\Users\maria\AppData\Local\Programs\Eclipse Adoptium\jdk-21.0.5.11-hotspot\bin\jimage.dll
0x00007ffb35510000 - 0x00007ffb35751000 	C:\Windows\SYSTEM32\DBGHELP.DLL
0x00007ffb39380000 - 0x00007ffb39702000 	C:\Windows\System32\combase.dll
0x00007ffb3ab20000 - 0x00007ffb3abf6000 	C:\Windows\System32\OLEAUT32.dll
0x00007ffb22870000 - 0x00007ffb228a9000 	C:\Windows\SYSTEM32\dbgcore.DLL
0x00007ffb37e20000 - 0x00007ffb37eb9000 	C:\Windows\System32\bcryptPrimitives.dll
0x00007ffb21c40000 - 0x00007ffb21c4f000 	C:\Users\maria\AppData\Local\Programs\Eclipse Adoptium\jdk-21.0.5.11-hotspot\bin\instrument.dll
0x00007ffaf5e30000 - 0x00007ffaf5e4f000 	C:\Users\maria\AppData\Local\Programs\Eclipse Adoptium\jdk-21.0.5.11-hotspot\bin\java.dll
0x00007ffb39e60000 - 0x00007ffb3a589000 	C:\Windows\System32\SHELL32.dll
0x00007ffb38240000 - 0x00007ffb383a8000 	C:\Windows\System32\wintypes.dll
0x00007ffb35ab0000 - 0x00007ffb36302000 	C:\Windows\SYSTEM32\windows.storage.dll
0x00007ffb38de0000 - 0x00007ffb38ecd000 	C:\Windows\System32\SHCORE.dll
0x00007ffb3aa70000 - 0x00007ffb3aad4000 	C:\Windows\System32\shlwapi.dll
0x00007ffb37d30000 - 0x00007ffb37d5f000 	C:\Windows\SYSTEM32\profapi.dll
0x00007ffaa8f30000 - 0x00007ffaa9007000 	C:\Users\maria\AppData\Local\Programs\Eclipse Adoptium\jdk-21.0.5.11-hotspot\bin\jsvml.dll
0x00007ffaf58b0000 - 0x00007ffaf58c8000 	C:\Users\maria\AppData\Local\Programs\Eclipse Adoptium\jdk-21.0.5.11-hotspot\bin\zip.dll
0x00007ffb217d0000 - 0x00007ffb217e0000 	C:\Users\maria\AppData\Local\Programs\Eclipse Adoptium\jdk-21.0.5.11-hotspot\bin\net.dll
0x00007ffb30950000 - 0x00007ffb30a6d000 	C:\Windows\SYSTEM32\WINHTTP.dll
0x00007ffb37270000 - 0x00007ffb372da000 	C:\Windows\system32\mswsock.dll
0x00007ffaf51a0000 - 0x00007ffaf51b6000 	C:\Users\maria\AppData\Local\Programs\Eclipse Adoptium\jdk-21.0.5.11-hotspot\bin\nio.dll
0x00007ffb1f980000 - 0x00007ffb1f990000 	C:\Users\maria\AppData\Local\Programs\Eclipse Adoptium\jdk-21.0.5.11-hotspot\bin\verify.dll
0x00007ffaf7de0000 - 0x00007ffaf7e07000 	C:\Users\maria\.gradle\native\c067742578af261105cb4f569cf0c3c89f3d7b1fecec35dd04571415982c5e48\windows-amd64\native-platform.dll
0x00007ffad8ce0000 - 0x00007ffad8e24000 	C:\Users\maria\.gradle\native\100fb08df4bc3b14c8652ba06237920a3bd2aa13389f12d3474272988ae205f9\windows-amd64\native-platform-file-events.dll
0x00007ffb1f550000 - 0x00007ffb1f55a000 	C:\Users\maria\AppData\Local\Programs\Eclipse Adoptium\jdk-21.0.5.11-hotspot\bin\management.dll
0x00007ffb1f040000 - 0x00007ffb1f04b000 	C:\Users\maria\AppData\Local\Programs\Eclipse Adoptium\jdk-21.0.5.11-hotspot\bin\management_ext.dll
0x00007ffb38af0000 - 0x00007ffb38af8000 	C:\Windows\System32\PSAPI.DLL
0x00007ffb37510000 - 0x00007ffb3752c000 	C:\Windows\SYSTEM32\CRYPTSP.dll
0x00007ffb36cb0000 - 0x00007ffb36cea000 	C:\Windows\system32\rsaenh.dll
0x00007ffb37310000 - 0x00007ffb3733b000 	C:\Windows\SYSTEM32\USERENV.dll
0x00007ffb37d00000 - 0x00007ffb37d26000 	C:\Windows\SYSTEM32\bcrypt.dll
0x00007ffb37530000 - 0x00007ffb3753c000 	C:\Windows\SYSTEM32\CRYPTBASE.dll
0x00007ffb36760000 - 0x00007ffb36793000 	C:\Windows\SYSTEM32\IPHLPAPI.DLL
0x00007ffb38ed0000 - 0x00007ffb38eda000 	C:\Windows\System32\NSI.dll
0x00007ffb1de00000 - 0x00007ffb1de09000 	C:\Users\maria\AppData\Local\Programs\Eclipse Adoptium\jdk-21.0.5.11-hotspot\bin\extnet.dll
0x00007ffb1cd50000 - 0x00007ffb1cd5e000 	C:\Users\maria\AppData\Local\Programs\Eclipse Adoptium\jdk-21.0.5.11-hotspot\bin\sunmscapi.dll
0x00007ffb37ec0000 - 0x00007ffb38037000 	C:\Windows\System32\CRYPT32.dll
0x00007ffb37710000 - 0x00007ffb37740000 	C:\Windows\SYSTEM32\ncrypt.dll
0x00007ffb376c0000 - 0x00007ffb376ff000 	C:\Windows\SYSTEM32\NTASN1.dll
0x00007ffb0c4e0000 - 0x00007ffb0c4e8000 	C:\Windows\system32\wshunix.dll
0x00007ffadd7f0000 - 0x00007ffadd808000 	C:\Windows\system32\napinsp.dll
0x00007ffb367a0000 - 0x00007ffb368c5000 	C:\Windows\SYSTEM32\DNSAPI.dll
0x00007ffadcf50000 - 0x00007ffadcf62000 	C:\Windows\System32\winrnr.dll
0x00007ffadcdb0000 - 0x00007ffadcde0000 	C:\Windows\system32\nlansp_c.dll
0x00007ffb2ee10000 - 0x00007ffb2ee26000 	C:\Windows\system32\wshbth.dll
0x00007ffb2fae0000 - 0x00007ffb2faeb000 	C:\Windows\System32\rasadhlp.dll
0x00007ffb311a0000 - 0x00007ffb31225000 	C:\Windows\System32\fwpuclnt.dll
0x00007ffb07050000 - 0x00007ffb0706e000 	C:\Users\maria\AppData\Local\Temp\native-platform1234524348235993389dir\native-platform.dll
0x00007ffb21850000 - 0x00007ffb21857000 	C:\Users\maria\AppData\Local\Programs\Eclipse Adoptium\jdk-21.0.5.11-hotspot\bin\rmi.dll

dbghelp: loaded successfully - version: 4.0.5 - missing functions: none
symbol engine: initialized successfully - sym options: 0x614 - pdb path: .;C:\Users\maria\AppData\Local\Programs\Eclipse Adoptium\jdk-21.0.5.11-hotspot\bin;C:\Windows\SYSTEM32;C:\Windows\WinSxS\amd64_microsoft.windows.common-controls_6595b64144ccf1df_6.0.26100.3624_none_3e086962e3345f24;C:\Users\maria\AppData\Local\Programs\Eclipse Adoptium\jdk-21.0.5.11-hotspot\bin\server;C:\Users\maria\.gradle\native\c067742578af261105cb4f569cf0c3c89f3d7b1fecec35dd04571415982c5e48\windows-amd64;C:\Users\maria\.gradle\native\100fb08df4bc3b14c8652ba06237920a3bd2aa13389f12d3474272988ae205f9\windows-amd64;C:\Users\maria\AppData\Local\Temp\native-platform1234524348235993389dir

VM Arguments:
jvm_args: --add-opens=java.base/java.util=ALL-UNNAMED --add-opens=java.base/java.lang=ALL-UNNAMED --add-opens=java.base/java.lang.invoke=ALL-UNNAMED --add-opens=java.prefs/java.util.prefs=ALL-UNNAMED --add-exports=jdk.compiler/com.sun.tools.javac.api=ALL-UNNAMED --add-exports=jdk.compiler/com.sun.tools.javac.util=ALL-UNNAMED --add-opens=java.base/java.nio.charset=ALL-UNNAMED --add-opens=java.base/java.net=ALL-UNNAMED --add-opens=java.base/java.util.concurrent.atomic=ALL-UNNAMED -Xmx2048m -Dfile.encoding=UTF-8 -Duser.country=BR -Duser.language=pt -Duser.variant -javaagent:C:\Users\maria\.gradle\wrapper\dists\gradle-8.10.2-bin\a04bxjujx95o3nb99gddekhwo\gradle-8.10.2\lib\agents\gradle-instrumentation-agent-8.10.2.jar 
java_command: org.gradle.launcher.daemon.bootstrap.GradleDaemon 8.10.2
java_class_path (initial): C:\Users\maria\.gradle\wrapper\dists\gradle-8.10.2-bin\a04bxjujx95o3nb99gddekhwo\gradle-8.10.2\lib\gradle-daemon-main-8.10.2.jar
Launcher Type: SUN_STANDARD

[Global flags]
     intx CICompilerCount                          = 12                                        {product} {ergonomic}
     uint ConcGCThreads                            = 3                                         {product} {ergonomic}
     uint G1ConcRefinementThreads                  = 13                                        {product} {ergonomic}
   size_t G1HeapRegionSize                         = 1048576                                   {product} {ergonomic}
    uintx GCDrainStackTargetSize                   = 64                                        {product} {ergonomic}
   size_t InitialHeapSize                          = 264241152                                 {product} {ergonomic}
   size_t MarkStackSize                            = 4194304                                   {product} {ergonomic}
   size_t MaxHeapSize                              = 2147483648                                {product} {command line}
   size_t MaxNewSize                               = 1287651328                                {product} {ergonomic}
   size_t MinHeapDeltaBytes                        = 1048576                                   {product} {ergonomic}
   size_t MinHeapSize                              = 8388608                                   {product} {ergonomic}
    uintx NonNMethodCodeHeapSize                   = 7602480                                {pd product} {ergonomic}
    uintx NonProfiledCodeHeapSize                  = 122027880                              {pd product} {ergonomic}
    uintx ProfiledCodeHeapSize                     = 122027880                              {pd product} {ergonomic}
    uintx ReservedCodeCacheSize                    = 251658240                              {pd product} {ergonomic}
     bool SegmentedCodeCache                       = true                                      {product} {ergonomic}
   size_t SoftMaxHeapSize                          = 2147483648                             {manageable} {ergonomic}
     bool UseCompressedOops                        = true                           {product lp64_product} {ergonomic}
     bool UseG1GC                                  = true                                      {product} {ergonomic}
     bool UseLargePagesIndividualAllocation        = false                                  {pd product} {ergonomic}

Logging:
Log output configuration:
 #0: stdout all=warning uptime,level,tags foldmultilines=false
 #1: stderr all=off uptime,level,tags foldmultilines=false

Environment Variables:
PATH=c:\Users\maria\AppData\Local\Programs\cursor\resources\app\bin;C:\Users\maria\AppData\Local\Programs\Opera;C:\Program Files (x86)\VMware\VMware Workstation\bin\;C:\Windows\system32;C:\Windows;C:\Windows\System32\Wbem;C:\Windows\System32\WindowsPowerShell\v1.0\;C:\Windows\System32\OpenSSH\;C:\Program Files\dotnet\;C:\Program Files (x86)\NVIDIA Corporation\PhysX\Common;C:\Program Files\NVIDIA Corporation\NVIDIA NvDLISR;C:\Program Files (x86)\Windows Kits\10\Windows Performance Toolkit\;C:\Program Files\Git\cmd;C:\Users\maria\AppData\Local\Programs\Eclipse Adoptium\jdk-21.0.5.11-hotspot\bin;C:\Users\maria\AppData\Local\Microsoft\WindowsApps;C:\Users\maria\AppData\Local\GitHubDesktop\bin;C:\Users\maria\AppData\Local\Programs\Windsurf\bin;C:\Users\maria\AppData\Local\Android\Sdk\platform-tools;;c:\Users\maria\AppData\Local\Programs\cursor\resources\app\bin;C:\Users\maria\AppData\Local\Programs\Eclipse Adoptium\jdk-21.0.5.11-hotspot\bin;C:\Users\maria\AppData\Local\Microsoft\WindowsApps;C:\Users\maria\AppData\Local\Programs\Microsoft VS Code\bin;C:\Users\maria\AppData\Local\GitHubDesktop\bin;C:\Users\maria\AppData\Local\Programs\Windsurf\bin;C:\Users\maria\AppData\Local\Android\Sdk\platform-tools;C:\Users\maria\AppData\Local\Programs\cursor\resources\app\bin
USERNAME=maria
OS=Windows_NT
PROCESSOR_IDENTIFIER=Intel64 Family 6 Model 183 Stepping 1, GenuineIntel
TMP=C:\Users\maria\AppData\Local\Temp
TEMP=C:\Users\maria\AppData\Local\Temp




Periodic native trim disabled

---------------  S Y S T E M  ---------------

OS:
 Windows 11 , 64 bit Build 26100 (10.0.26100.3775)
OS uptime: 3 days 21:35 hours
Hyper-V role detected

CPU: total 16 (initial active 16) (8 cores per cpu, 2 threads per core) family 6 model 183 stepping 1 microcode 0x12c, cx8, cmov, fxsr, ht, mmx, 3dnowpref, sse, sse2, sse3, ssse3, sse4.1, sse4.2, popcnt, lzcnt, tsc, tscinvbit, avx, avx2, aes, erms, clmul, bmi1, bmi2, adx, sha, fma, vzeroupper, clflush, clflushopt, clwb, hv, serialize, rdtscp, rdpid, fsrm, f16c, cet_ibt, cet_ss
Processor Information for processor 0
  Max Mhz: 2400, Current Mhz: 2400, Mhz Limit: 2400
Processor Information for processor 1
  Max Mhz: 2400, Current Mhz: 2400, Mhz Limit: 2400
Processor Information for processor 2
  Max Mhz: 2400, Current Mhz: 2400, Mhz Limit: 2400
Processor Information for processor 3
  Max Mhz: 2400, Current Mhz: 2400, Mhz Limit: 2400
Processor Information for processor 4
  Max Mhz: 2400, Current Mhz: 2400, Mhz Limit: 2400
Processor Information for processor 5
  Max Mhz: 2400, Current Mhz: 2400, Mhz Limit: 2400
Processor Information for processor 6
  Max Mhz: 2400, Current Mhz: 2400, Mhz Limit: 2400
Processor Information for processor 7
  Max Mhz: 2400, Current Mhz: 2400, Mhz Limit: 2400
Processor Information for processor 8
  Max Mhz: 2400, Current Mhz: 2400, Mhz Limit: 2400
Processor Information for processor 9
  Max Mhz: 2400, Current Mhz: 2400, Mhz Limit: 2400
Processor Information for processor 10
  Max Mhz: 2400, Current Mhz: 2400, Mhz Limit: 2400
Processor Information for processor 11
  Max Mhz: 2400, Current Mhz: 2400, Mhz Limit: 2400
Processor Information for processor 12
  Max Mhz: 2400, Current Mhz: 2400, Mhz Limit: 2400
Processor Information for processor 13
  Max Mhz: 2400, Current Mhz: 2400, Mhz Limit: 2400
Processor Information for processor 14
  Max Mhz: 2400, Current Mhz: 1466, Mhz Limit: 2400
Processor Information for processor 15
  Max Mhz: 2400, Current Mhz: 2400, Mhz Limit: 2400

Memory: 4k page, system-wide physical 16068M (1106M free)
TotalPageFile size 29774M (AvailPageFile size 5M)
current process WorkingSet (physical memory assigned to process): 806M, peak: 806M
current process commit charge ("private bytes"): 1024M, peak: 1026M

vm_info: OpenJDK 64-Bit Server VM (21.0.5+11-LTS) for windows-amd64 JRE (21.0.5+11-LTS), built on 2024-10-15T00:00:00Z by "admin" with MS VC++ 17.7 (VS2022)

END.
